assignment,retrieval_id,aio_presence,aio_text,num_words,num_aio_sources,query_idx,query,category,subjectivity,answer_type,info_need,FIPS,State,County,CountySeat,Population,avg_aio_sources_domain_localness,pct_Database or aggregator,pct_Educational institution,pct_Government,"pct_Hospital, healthcare, or medical website","pct_Local business, retail, or product",pct_Local news,pct_Museum or library,"pct_National business, retail, or product",pct_National news,pct_Nonprofit or association,pct_Other,pct_Religious institution,pct_Review platform,pct_Social media or forum,pct_Tourism or travel website,pct_Wikipedia,domain_category_entropy,log_population,News and Information Index,percent_min_bachelors,flesch_kincaid,citations_per_100_words,hedges_per_100_words,county_seat_to_state_ratio_normalized,html_url,is_formatted_correctly,is_valid_content,other_notes
IC,25c81184-0ef2-4ce4-b174-70ceafb184a0,1,"Grant City's history
Grant City, Missouri was laid out in 1864 and named after General Ulysses S. Grant, who would later become the 18th U.S. President. The community's history includes:
Founding: A post office has been in operation in the city since 1864. The town grew as a shipping point when the railroad arrived in 1880.
Notable Landmark: The Worth County Courthouse was listed on the National Register of Historic Places in 1983.
Civil War Monument: A monument in the city cemetery, erected in 1895 by the Grand Army of the Republic (an organization of Union Civil War veterans), commemorates soldiers who died during the Civil War.
Notable People: Several prominent individuals have come from Grant City, including governors of other states and a state supreme court chief justice.",132,4,0,what is COUNTYSEAT STATE known for historically,culture,subjective,open-ended,civics,29227,MO,Worth,Grant City,2171,0.25,0.25,0,0,0,0,0.25,0,0,0,0,0,0,0,0.25,0,0.25,2,7.578656851,54,0.1759656652,45.16255814,0,0,0.01515151515,https://aiolocalexperiment.github.io/aio_pages/full_samples_aio/25c81184-0ef2-4ce4-b174-70ceafb184a0.html,FALSE,TRUE,weird space after heading
IC,fcbab5de-ce73-49a6-8aea-fef82a4606f5,1,"Historically, Cut Bank, MT, is known for its role as a crucial Great Northern Railway town, its deep connection to the Lewis and Clark Expedition's journey (including Camp Disappointment and the Meriwether Lewis Fight site), its early 20th-century homesteading boom, and its World War II Army Air Base, all set within the Blackfeet Indian Reservation lands, making it a blend of railroad, exploration, settler, and military history.
Key Historical Aspects:
Lewis & Clark Trail: Meriwether Lewis camped near the ""cut bank"" of the creek in 1806, and significant sites like Camp Disappointment and the Meriwether Lewis Fight location are nearby, marking Blackfeet territory.
Great Northern Railway Hub: The arrival of the Great Northern Railway in 1891 established Cut Bank, bringing settlers, businesses, and a major rail presence, including impressive trestles and depots.
Homesteading Era: After the initial railroad boom, the community grew significantly with homesteaders arriving in the early 1900s, supported by agriculture and cattle ranching.
World War II Army Air Base: During WWII, Cut Bank hosted an Army Airfield, training B-17 bomber crews, adding a military dimension to its history.
Blackfeet Heritage: The area lies within the Blackfeet Indian Reservation, a significant cultural context that shapes the region's history and identity.
What You Can Still See:
Glacier County Historical Museum: Features exhibits on Lewis & Clark, homesteading, oil, and the railroad, with historic buildings like a schoolhouse and oil worker's home.
Downtown Murals: Depicting the town's history, from the railway to homestead life.
Historic Railroad Trestle: A landmark of the Great Northern Railway's presence.",260,11,0,what is COUNTYSEAT STATE known for historically,culture,subjective,open-ended,civics,30035,MT,Glacier,Cut Bank,13399,0.9090909091,0.1818181818,0,0,0,0,0.09090909091,0,0,0,0,0.09090909091,0,0.09090909091,0,0.5454545455,0,1.867633891,9.526099567,42,0.1805505469,29.16546333,0,0,0.01538461538,https://aiolocalexperiment.github.io/aio_pages/full_samples_aio/fcbab5de-ce73-49a6-8aea-fef82a4606f5.html,FALSE,FALSE,"sources have ""nan"""
IC,f55561a2-1d89-41d0-a255-c2ca5f51aaf0,1,"No, Eads, CO is not considered wealthy compared to the state and national averages. Its median household income of approximately $\$58,542$ is significantly lower than Colorado's median household income of $\$87,598$. The median home value in Eads is also considerably lower than the national average.
Income: The median household income in Eads is about $\$58,542$, which is lower than the Colorado state median of approximately $\$87,598$.
Home values: The median property value in Eads was around $\$129,500$ in 2023, which is much lower than the national median of $\$303,400$.
Economic factors: The local economy in Eads relies heavily on agriculture and ranching.
Overall comparison: When compared to wealthy cities in Colorado with median household incomes of $\$250,001$ and above, Eads is not wealthy.",131,6,1,is COUNTYSEAT STATE wealthy,economy,subjective,binary,economy,8061,CO,Kiowa,Eads,1398,0.1666666667,0.5,0,0,0,0.1666666667,0,0,0,0,0,0,0,0,0.1666666667,0,0.1666666667,1.79248125,7.212294469,83,0.2063492063,34.93170732,0,2.290076336,0.02290076336,https://aiolocalexperiment.github.io/aio_pages/full_samples_aio/f55561a2-1d89-41d0-a255-c2ca5f51aaf0.html,FALSE,TRUE,the dollar signs have an escape slash 
IC,2cb8eecc-c8da-4430-a87d-ec2a8088fb3a,1,"Churches in Wilmington, DE, hold diverse Christian beliefs, generally affirming the Trinity, Jesus's divinity, salvation by grace through faith, and the Bible as God's word, but differ on specific practices and emphasis, from Catholic sacraments (St. Elizabeth) to Evangelical focus on discipleship (Immanuel, WCC), Presbyterian covenant theology (Faith), Methodist traditions (Wilmington Island Methodist), Swedenborgian mysticism (Holy City), and African Methodist Episcopal service (Bethel AME), all centered on worshiping God and serving the community.
Here's a breakdown of beliefs from different congregations:
Epiphany Church (Anglican/Episcopal): Believe in the Trinity, Jesus as fully God/man, salvation through Christ's sacrifice, resurrection, and God's providence.
Immanuel Church (Evangelical/Non-denominational): Emphasize grace, faith in Christ, regeneration, the Church as Christ's body, and gathering for worship/study.
Wilmington Church of Christ: Focus on the Gospel, transforming hearts through Jesus, and training disciples to make disciples.
St. Elizabeth Catholic Church: Follow traditional Catholic creed: one God, Jesus Christ, Holy Spirit, Virgin Mary, sacraments, and the Church.
Faith Presbyterian Church: Believe in God's sovereign election, justification by faith, perseverance, infant baptism, and Christ's visible return.
New Calvary Baptist Church: Hold to inerrant Scripture, the Trinity, salvation by grace through faith, and the ordinances of Baptism and the Lord's Supper.
Church of the Holy City (Swedenborgian): Focus on loving God and neighbor, see God as one, Jesus as God in human form, and use Swedenborg's writings alongside the Bible for spiritual growth.
Westminster Presbyterian Church: A ""Matthew 25 Church,"" committed to racial justice, dismantling poverty, and serving marginalized people.
In summary, while all are Christian and centered on Jesus, specific doctrines (like sacraments, church structure, or social justice focus) vary significantly by denomination and individual church.",289,13,3,what does the COUNTYSEAT STATE church believe,civics,mixed,open-ended,civics,10003,DE,New Castle,Wilmington,538479,1,0,0,0,0,0,0,0,0,0,0,0,0.8461538462,0,0,0.07692307692,0,0.4138168503,13.25869335,76,0.392211129,14.20482747,0,0.3460207612,0.01038062284,https://aiolocalexperiment.github.io/aio_pages/full_samples_aio/2cb8eecc-c8da-4430-a87d-ec2a8088fb3a.html,FALSE,TRUE,weird space for bottom paragraph
IC,a79d7624-396b-4f25-bf8d-702ddb91d783,1,"Churches in Clear Lake, SD, hold distinct beliefs, but generally focus on Jesus Christ, the Bible as authority, salvation through faith, and community service, with specific nuances: First Baptist emphasizes grace through faith alone, separation of church/state; St. Paul's Lutheran (ELCA) focuses on Word & Sacrament, grace, and serving; Clear Lake Methodist values community, sacraments (baptism of any age), and spiritual growth; while Evangelical Free and others align with broader evangelical tenets of Christ's divinity, the Spirit's work, and traditional views on life/marriage.
Here's a breakdown by denomination:
First Baptist Church (Clear Lake, SD):
Salvation: By grace through faith in Jesus Christ alone, saved from sin.
Authority: Scripture alone (Bible).
Church/State: Believes in separation of church and state.
End Times: Personal return of Christ, resurrection, judgment.
St. Paul's Lutheran Church (ELCA):
Focus: God's grace through Word and Sacrament (Baptism, Communion).
Mission: Nurturing faith, serving the community, joyful witness.
Affiliation: Evangelical Lutheran Church in America (ELCA).
Clear Lake Methodist Church (Global Methodist):
Mission: Making disciples, being a place for healing, worship, fellowship.
Sacraments: Baptism (any age) and Holy Communion (bread/juice).
Confirmation: Joint program with Gary Methodist for 8th graders.
Clear Lake Evangelical Free Church (EFCA):
Jesus Christ: Fully God and man, glorified by the Holy Spirit.
Holy Spirit: Guides, equips, empowers believers.
Affiliation: Part of the Evangelical Free Church of America (EFCA).
Clear Lake Baptist Church (Likely SBC Affiliated):
Sanctity of Life: All life is sacred from conception to natural death.
Marriage/Gender: Defines marriage as one man and one woman; emphasizes distinct male/female genders as God's image.
In short, while they share core Christian beliefs, their specific practices and emphases on sacraments, church governance, and social issues vary by denomination.",291,12,3,what does the COUNTYSEAT STATE church believe,civics,mixed,open-ended,civics,46039,SD,Deuel,Clear Lake,4364,0.9166666667,0.08333333333,0,0,0,0,0,0,0,0,0,0,0.9166666667,0,0,0,0,0.4138168503,8.370547611,45,0.2414144849,32.91428457,0,0.6872852234,0.0206185567,https://aiolocalexperiment.github.io/aio_pages/full_samples_aio/a79d7624-396b-4f25-bf8d-702ddb91d783.html,FALSE,TRUE,too much space btwn paragraphs 
IC,69bb8c16-dcb1-4c9f-ac07-b95c333f2559,1,"The Hoke County Public Library in Raeford, NC, typically opens at 8:00 AM on weekdays (Mon, Wed, Fri) and earlier on Tuesdays and Thursdays, but it's best to confirm with their official site or call, as hours can vary; it closes earlier on Saturdays and is closed Sundays, so check their schedule for specific times.
Here's a typical schedule:
Monday, Wednesday, Friday: 8:00 AM - 6:00 PM
Tuesday, Thursday: 8:00 AM - 8:00 PM (Longer hours)
Saturday: 8:00 AM - 4:00 PM
Sunday: Closed
For the most current hours, visit the Hoke County, NC website or their MapQuest page.",105,3,4,what time does the COUNTYSEAT STATE library open,civics,objective,numeric,civics,37093,NC,Hoke,Raeford,46952,0.3333333333,0.3333333333,0,0.3333333333,0,0,0,0,0,0,0,0,0,0,0.3333333333,0,0,1.584962501,10.87996987,24,0.2131604953,31.215,0,0.9523809524,0.009523809524,https://aiolocalexperiment.github.io/aio_pages/full_samples_aio/69bb8c16-dcb1-4c9f-ac07-b95c333f2559.html,FALSE,TRUE,too much space between paragraphs
IC,f340a0bf-6b39-4f8f-8e4e-b78e99f33689,1,"While Queens is generally considered safer than other NYC boroughs, areas like Far Rockaway, parts of South Jamaica (around York College, 163rd St), Ozone Park, and industrial zones near Brooklyn's border have higher crime rates, with specific blocks rather than entire neighborhoods being problematic. It's crucial to remember that crime is localized, and Queens is known for diverse, safe, vibrant areas like Astoria, Flushing, and Ridgewood.
Areas Often Mentioned for Higher Crime:
Far Rockaway: Often cited due to its isolation and economic factors.
South Jamaica: Specific intersections like 158th-165th Streets near York College, and around Archer Ave and 163rd St, have higher violent crime.
Ozone Park, Rosedale, Springfield Gardens, Laurelton, Cambria Heights: These areas on the southern end are sometimes listed as having more issues.
Industrial/Warehouse Zones: Particularly along the Brooklyn border, less-populated areas can feel unsafe.
Important Considerations:
Block-by-Block Variation: A neighborhood's reputation often stems from specific blocks, not the entire area; many parts of these ""rougher"" areas are cultured and safe.
Queens' Overall Safety: Queens generally has lower violent crime rates compared to Brooklyn and the Bronx and offers many very safe, vibrant neighborhoods.
Data Focus: Crime data changes; using official NYC resources for real-time stats is best for specific blocks.
Safer/Popular Neighborhoods (for comparison):
Astoria, Flushing, Glendale, Ridgewood, Sunnyside, Jackson Heights, College Point.",226,7,8,what parts of COUNTYSEAT STATE are unsafe,safety,mixed,open-ended,safety,36081,NY,Queens [10],Queens,2230722,0.2857142857,0.1428571429,0,0,0,0.1428571429,0,0,0.1428571429,0,0,0,0,0,0.4285714286,0.1428571429,0,2.128085279,14.66143204,22,0.3526114602,27.06933333,0,3.539823009,0.01327433628,https://aiolocalexperiment.github.io/aio_pages/full_samples_aio/f340a0bf-6b39-4f8f-8e4e-b78e99f33689.html,FALSE,TRUE,"Last sentence has a weird space, should not be bolded and separated"
IC,56b907bf-0ffc-41ca-9452-fdc5986c18df,1,"""Kings, NY"" usually refers to Kings County (Brooklyn), not a single town; within Brooklyn and NYC, areas often cited for higher crime include East New York, Brownsville, and parts of Bed-Stuy, while Kings Park (Suffolk County, Long Island) is generally considered very safe, with low crime rates, so it depends on which ""Kings"" you mean.
If you mean Kings County (Brooklyn, NYC)
East New York & Brownsville: These adjacent neighborhoods in Brooklyn have historically faced higher crime rates, with reports of gang activity and frequent robberies/shootings, though statistics have improved.
Bedford-Stuyvesant: While seeing improvements, it still experiences occasional robberies and shootings, making some caution advisable, especially at night.
East Harlem: Mentioned as having higher crime due to poverty levels compared to other parts of Harlem.
If you mean Kings Park (Suffolk County, Long Island)
Generally Safe: This is a small, quiet town on Long Island, known for being safe with a strong small-town feel, very low crime rates, and a pleasant atmosphere, according to Patch and Niche.
How to check current safety
NYPD CompStat: For up-to-date data in NYC, you can check NYPD's CompStat or NYC Crime Map for specific precinct/neighborhood reports.
Local Resources: For Kings Park, check NeighborhoodScout's crime stats or local news for detailed analyses.",215,9,8,what parts of COUNTYSEAT STATE are unsafe,safety,mixed,open-ended,safety,36047,NY,Kings [10],Kings,2504700,0.4444444444,0.2222222222,0,0,0,0.2222222222,0.1111111111,0,0,0,0,0,0,0.1111111111,0.1111111111,0.2222222222,0,2.503258335,14.78867526,25,0.4132591826,42.26208738,0.4651162791,2.325581395,0.01395348837,https://aiolocalexperiment.github.io/aio_pages/full_samples_aio/56b907bf-0ffc-41ca-9452-fdc5986c18df.html,FALSE,TRUE,"weird bolding of first phrase Kings, NY and too much space between paragraphs "
IC,a99bb165-40af-4da1-aca2-64224de91ecf,1,"In Jena, LA, you can enjoy local parks like Jena Town Park (splash pad, trails, sports), try your luck at Choctaw Pines Casino, explore nearby nature at Kisatchie National Forest, and find family fun at attractions in nearby Alexandria/Monroe like the Zoological Park, or check out local eateries and historical spots in Central Louisiana for a mix of outdoor recreation and small-town charm.
Local Jena Attractions
Jena Town Park: A 30-acre park with a splash pad, skate rink, tennis courts, walking trails, and ball fields.
Choctaw Pines Casino: A local spot for gaming.
Local Churches: St. Mary Catholic Church, First Baptist Church, and Sanctuary Family Worship Center offer local sights.
Nature & Outdoors
Kisatchie National Forest: Offers hiking and outdoor exploration.
Dewey Wills Wildlife Management Area: A spot for wildlife viewing.
Lakes & Rivers: Explore nearby fishing and boating on Red River, Cotile Lake, or Indian Creek.
Nearby Day Trips (Alexandria/Monroe Area)
T.R.E.E. House Children's Museum: Fun for kids.
Alexandria Zoological Park: A great family outing.
Biedenharn Museum & Gardens: Beautiful gardens and museum.
Kent Plantation House: A historic site to explore.
Dining & Culture
Explore local restaurants like {Diamond Grill, {Spirits}, {Tunks Cypress Inn}, {The Levee}, {Bellino's}, {Tequila} https://cenlachamber.org/visit-central-louisiana/} for regional flavors in the broader Central Louisiana area.
Check for local events and festivals through {AARP Local https://local.aarp.org/jena-la/things-to-do/} or {TripAdvisor https://www.tripadvisor.com/Attractions-g40236-Activities-Jena_Louisiana.html}.",248,8,9,COUNTYSEAT STATE what to do,events,subjective,open-ended,civics,22055,LA,Lafayette,Jena,221578,0.25,0.375,0,0.125,0,0,0,0,0,0,0.125,0,0,0.375,0,0,0,1.811278124,12.40931957,70,0.3485704637,37.42553967,0,0,0.008064516129,https://aiolocalexperiment.github.io/aio_pages/full_samples_aio/a99bb165-40af-4da1-aca2-64224de91ecf.html,FALSE,TRUE,"Weird brackets like {, and link just pasted in text. "
IC,e3795852-b2e4-4838-bf1f-2035623993a5,1,"In Columbia, LA, you can explore local history at the Schepis Museum (Italian heritage) and Martin Homeplace, enjoy the outdoors at the Ouachita River (riverwalk, boating) and Boeuf Wildlife Management Area (hunting, nature), shop/dine on Main Street, and experience Southern charm with local festivals like the Arts & Folk Festival, plus find Cajun food at spots like Fontenot's.
History & Culture
Schepis Museum: Learn about the town's Italian immigrant history in a historic building.
Martin Homeplace Museum: Explore local history at this historic site.
Caldwell Parish Tourist Commission: Get visitor info and learn about local events like the Christmas Parade.
Louisiana Main Street: Find local shops, restaurants, and riverfront spots on Main Street.
Outdoors & Recreation
Ouachita River: Walk the riverwalk for views or enjoy outdoor activities.
Boeuf Wildlife Management Area: Great for hunting deer, turkey, and hogs, or general nature viewing.
Woolen Lake Campground: A spot for camping and outdoor fun.
Food & Drink
Fontenot's Cajun Way: Try authentic Cajun cuisine.
Arise, Grill, & Eat BBQ, LLC: A local BBQ spot.
Local Eateries: Check out Mad Jacks Louisiana Kitchen or The Barn Home Cooking.
Events & Festivals
Seasonal Markets: Visit the Farmers Market.
Festivals: Look for the Columbia Arts and Folk Festival and the Lions Club Rodeo.",206,7,9,COUNTYSEAT STATE what to do,events,subjective,open-ended,civics,22021,LA,Caldwell,Columbia,10132,0.8571428571,0,0,0.2857142857,0,0,0,0,0,0,0.1428571429,0,0,0.1428571429,0,0.4285714286,0,1.842370993,9.165656764,6,0.1072409308,41.12880807,0,0,0,https://aiolocalexperiment.github.io/aio_pages/full_samples_aio/e3795852-b2e4-4838-bf1f-2035623993a5.html,FALSE,TRUE,too much space between paragraphs
IC,c0786ed9-d504-40c9-b86d-8b88656cc2b4,1,"In Dallas, GA, you can recycle glass bottles and jars, plastic bottles and containers (#1, #2, and #3), aluminum and steel cans, and various papers including cardboard, newspaper, magazines, and junk mail. Electronics like cell phones and computers, and special items like motor oil and vehicle batteries, can also be recycled, often through dedicated drop-off points.
Curbside and drop-off recycling

Accepted items
Cardboard: Flattened and broken down boxes (remove styrofoam and tape).
Paper: Newspapers, magazines, junk mail, paper bags, and office paper.
Glass: Bottles and jars (without lids).
Plastics: #1, #2, and #3 plastic bottles and containers (look for the corresponding number on the bottom).
Cans: Aluminum, tin, and steel food and beverage cans.
Electronics: Cell phones, computers, and other electronics can be recycled at a drop-off center.
Batteries: Vehicle and rechargeable batteries can be taken to specific collection sites.
Motor oil: Can be recycled at locations like AutoZone, Pep Boys, and Advance Auto Parts.

Special considerations
Styrofoam: Check with local services as some, like Recycle Revolution, may accept it at their drop-off center.
Tires: Passenger and truck tires can be recycled at designated locations, but there may be a fee and they may not accept off-road tires.
Appliances: Scrap metal from appliances can often be recycled at the local landfill or through a bulk pickup service.
Where to recycle
Dallas Area Municipal Authority (DAMA): Separates recyclables into different bins for pick-up.
Recycle Revolution: Provides a Community Drop-Off Center that accepts a wide range of items, including electronics, batteries, and Styrofoam.
Paulding County Landfill: Accepts scrap metal and tires.
Retail and auto stores: Check with stores like AutoZone, Walmart, and Home Depot for battery and motor oil recycling options.
Online services: Some online services may offer pick-up for items like TVs, cardboard, and appliances.",302,10,11,what can be recycled in COUNTYSEAT STATE,civics,objective,open-ended,environment,13223,GA,Paulding,Dallas,142324,0.7,0,0,0.4,0,0.1,0.1,0,0.4,0,0,0,0,0,0,0,0,1.721928095,12.06848733,50,0.274257012,37.17095238,0,3.973509934,0.006622516556,https://aiolocalexperiment.github.io/aio_pages/full_samples_aio/c0786ed9-d504-40c9-b86d-8b88656cc2b4.html,FALSE,TRUE,Too much space between paragraphs
IC,9469a877-1eec-4fe2-8a46-b597fee18329,1,"The elevation of Okmulgee, OK, varies slightly by location, but generally falls around 650 to 700 feet (about 200 meters) above sea level, with specific spots like the airport being slightly higher (around 720 ft) and the park near the lake potentially different, but the city center is consistently near the 200m mark.
General Elevation: Around 699 ft (213m) or 650 ft (200m).
Okmulgee Regional Airport: 720 ft (219m).
Okmulgee Park: 758 ft (231m).",74,5,12,what is the elevation of COUNTYSEAT STATE,geography,objective,numeric,environment,40111,OK,Okmulgee,Okmulgee,40069,0,0.4,0,0,0,0,0,0,0,0,0,0,0,0,0,0,0.6,0.9709505945,10.51656286,57,0.1729945876,48.58182432,0,5.405405405,0.04054054054,https://aiolocalexperiment.github.io/aio_pages/full_samples_aio/9469a877-1eec-4fe2-8a46-b597fee18329.html,FALSE,TRUE,first bullet point is bolded
IC,88d47eb1-fd76-4ac8-bb99-997ea5d9ea3b,1,"The elevation of Norman, Oklahoma, is approximately 1,171 feet $357$ meters). The terrain varies, with prairie in the western part of the city and more hilly, wooded areas with lakes in the eastern part near Lake Thunderbird.
Elevation: 1,171 feet $357$ meters)
Terrain: The terrain is generally flat, featuring prairie in the west and more forested and hilly areas with lakes in the east.",66,1,12,what is the elevation of COUNTYSEAT STATE,geography,objective,numeric,environment,40027,OK,Cleveland,Norman,255755,1,1,0,0,0,0,0,0,0,0,0,0,0,0,0,0,0,0,12.60332075,86,0.3562315945,46.38479167,0,3.03030303,0,https://aiolocalexperiment.github.io/aio_pages/full_samples_aio/88d47eb1-fd76-4ac8-bb99-997ea5d9ea3b.html,FALSE,TRUE,unescaped dollar signs around meter number
IC,d3b60a75-5846-42af-974f-99f693ed2f48,1,"The elevation of Salem, Virginia, is approximately 1,075 feet above sea level.
Elevation: Salem has an elevation of 1,075 feet above sea level.
Geographic context: It is located in the state of Virginia, where the mean elevation is 950 feet.",42,1,12,what is the elevation of COUNTYSEAT STATE,geography,objective,numeric,environment,51161,VA,Roanoke,Salem,92376,1,1,0,0,0,0,0,0,0,0,0,0,0,0,0,0,0,0,11.48032996,79,0.3738384154,41.02166667,0,2.380952381,-0.02380952381,https://aiolocalexperiment.github.io/aio_pages/full_samples_aio/d3b60a75-5846-42af-974f-99f693ed2f48.html,FALSE,TRUE,too much space after first sentence
IC,e977dfed-4db1-4c55-8507-9911a1bb11f1,1,"Oakland's elevation varies significantly, from a few feet at its lowest points near the bay to its highest point at about 1,760 feet in the hills. The lower elevations are near sea level, while the flatlands transition into the higher hills. The highest point is located near Grizzly Peak Blvd.
Average Elevation:: The elevation changes across the city. The bay area is very low, near sea level.
Highest Point:: The highest elevation in Oakland is approximately 1,760 feet, situated in the hills near Grizzly Peak Blvd.
Oakland Hills:: The Oakland hills generally rise to about 1,500 feet along Skyline Boulevard, featuring steep, forested terrain.",108,2,12,what is the elevation of COUNTYSEAT STATE,geography,objective,numeric,environment,6001,CA,Alameda,Oakland,1510271,0.5,0,0,0,0,0,0,0,0,0,0.5,0,0,0,0.5,0,0,1,14.31746636,62,0.514693647,46.95884615,0,1.851851852,0.03703703704,https://aiolocalexperiment.github.io/aio_pages/full_samples_aio/e977dfed-4db1-4c55-8507-9911a1bb11f1.html,FALSE,TRUE,double colons 
IC,ac71a47b-2d6a-4ee9-a5ae-8dd08b45f9cb,1,"The elevation of Tecumseh, Nebraska, is approximately $344$. Some weather stations and the local airport report slightly different elevations, such as $1,266$ ft or $1,306$ ft, due to variations in measurement points.
City center: $1,129$ ft ( $344$ m)
Airport: $1,306$ ft ( $398.1$ m)
Weather station: $1,266$ ft (at the time of the last report)",60,4,12,what is the elevation of COUNTYSEAT STATE,geography,objective,numeric,environment,31097,NE,Johnson,Tecumseh,5217,0,0.75,0,0,0,0,0,0,0,0,0,0,0,0,0,0,0.25,0.8112781245,8.568456485,23,0.1897790791,56.8325,0,3.333333333,0,https://aiolocalexperiment.github.io/aio_pages/full_samples_aio/ac71a47b-2d6a-4ee9-a5ae-8dd08b45f9cb.html,FALSE,TRUE,unescaped dollar signs around numbers
IC,082fb3fc-d840-4320-82ce-567d40f3b8a1,1,"Conway, SC, offers attractions like the Conway Riverwalk, historic sites such as the L.W. Paul Living History Farm, and cultural venues like the Theatre of the Republic and the Horry County Museum. It's a historic river town with a charming downtown, scenic river access for kayaking or tours, and unique shops and restaurants.
Outdoor activities
Conway Riverwalk:: A 1.3-mile trail along the Waccamaw River with scenic views, historic markers, and a public park.
Waccamaw Outfitters:: Rent kayaks or pontoon boats for tours on the Waccamaw River.
Waccamaw River Park:: Another area along the river for recreation.
History and culture
Horry County Museum:: Features exhibits on the region's history, including rice and tobacco farming.
L.W. Paul Living History Farm:: A historic site showcasing early 20th-century farm life with a farmhouse, grist mill, and smokehouse.
Theatre of the Republic:: A historic theatre offering live performances.
Historic Downtown:: Explore the downtown area with its unique shops, restaurants, and the historic Conway Clock Tower.
Other points of interest
The Trestle Bakery: A popular local bakery.
Rivertown Bistro: A highly-rated restaurant.
Anderson Farms: A local farm.
Conway Glass: A glass art studio.",195,10,13,what is in COUNTYSEAT STATE,culture,subjective,open-ended,civics,45051,SC,Horry,Conway,269291,0.9,0,0,0,0,0.4,0.1,0,0,0,0,0,0,0.1,0,0.4,0,1.721928095,12.81838118,72,0.2659600984,41.26796435,0,0,0.02564102564,https://aiolocalexperiment.github.io/aio_pages/full_samples_aio/082fb3fc-d840-4320-82ce-567d40f3b8a1.html,FALSE,TRUE,double colons
IC,3e428c42-ffee-4fed-8180-71085204902e,1,"Manassas, VA, is rich in Civil War history, centered around the Manassas National Battlefield Park, with key sites like the Manassas Museum, the historic Old Town district for shopping/dining, the Hylton Performing Arts Center, and historic plantation homes like Ben Lomond. It offers a blend of historic landmarks, cultural venues, parks, and local community events like its popular farmers market at the Harris Pavilion.
Key Attractions & Activities:
Manassas National Battlefield Park: Site of the First and Second Battles of Bull Run, with preserved battlefields.
Manassas Museum: Features exhibits on local history and the Civil War, with a new store called Echoes.
Old Town Manassas: Explore charming streets with unique shops, restaurants, and the historic railroad depot.
Hylton Performing Arts Center: Hosts music, theater, dance, and comedy.
Ben Lomond Historic Site: A Federal-style plantation house with a historic rose garden.
Harris Pavilion: A central hub for farmers' markets, concerts, and winter ice skating.
Other Notable Places:
Annaburg Historic Site: Another historic property in the area.
Splashdown Waterpark & Fun n' Skate Zone: Family-friendly entertainment options.
Bunny Man Bridge: A locally famous, reportedly haunted railway overpass.
History & Vibe:Manassas started as a railroad junction, and its history is deeply tied to the Civil War, offering a mix of preserved history and modern community life.",214,5,13,what is in COUNTYSEAT STATE,culture,subjective,open-ended,civics,51153,VA,Prince William,Manassas,402002,0.4,0,0,0.2,0,0,0,0,0,0,0,0,0,0.4,0,0.4,0,1.521928095,13.09113067,65,0.4447757374,34.77821429,0,0.4672897196,0.02336448598,https://aiolocalexperiment.github.io/aio_pages/full_samples_aio/3e428c42-ffee-4fed-8180-71085204902e.html,FALSE,TRUE,"last paragraph bolded, no space after colon"
IC,c96c96f4-506d-4058-b5f2-dd3992d3def3,1,"Tampa, Florida, faces significant economic challenges, with poverty rates around 14-16% (near the national average), but also high financial instability, with many households (up to 45%) living paycheck-to-paycheck or below the poverty line, especially concerning for children and low-wage workers in a rapidly rising cost-of-living area. Key issues include high housing costs relative to wages and a large workforce in low-paying sectors, pushing families to struggle for basic needs despite modest income growth.
Key Poverty Indicators
Overall Poverty Rate: Around 14-16%, comparable to or slightly above the national average.
Child Poverty: A significant concern, with roughly 20-30% of children in the Tampa Bay area living in poverty, much higher than national averages.
ALICE Households: A large portion of families (up to 45%) are classified as ALICE (Asset Limited, Income Constrained, Employed) or in poverty, meaning they struggle to afford basic necessities, notes WUSF.
Financial Distress: Tampa has been ranked as one of the most financially distressed cities, with high rates of rent burden.
Why it's a Problem
High Cost of Living vs. Wages: Housing and transportation costs consume a large chunk of income, pushing residents out to more affordable (but distant) suburbs, leading to long commutes.
Low-Wage Workforce: A large portion of Florida's jobs, including many in Tampa, pay low wages, often less than $20/hour, making it hard to cover survival budgets.
Vulnerable Populations: Single individuals, young adults, Black and Hispanic households, and seniors are particularly affected, with many teachers and nurses living below the poverty line.
In SummaryWhile Tampa has economic strengths, a large segment of its population lives precariously, struggling with affordability and financial stability, making poverty a substantial issue despite its overall economic growth.",290,10,15,how poor is COUNTYSEAT STATE,economy,mixed,open-ended,economy,12057,FL,Hillsborough,Tampa,1229226,0.6,0.3,0,0,0,0,0.3,0,0,0,0.2,0,0,0,0.2,0,0,1.970950594,14.21404101,59,0.3715522282,23.37581556,0,1.034482759,0.01034482759,https://aiolocalexperiment.github.io/aio_pages/full_samples_aio/c96c96f4-506d-4058-b5f2-dd3992d3def3.html,FALSE,TRUE,"""in summarywhile"" as bolded heading"
IC,466300c2-a56f-4cb5-a1bd-376e5e5d722a,1,"Utility costs in Junction City, KS vary, but expect around $100-$190 for electricity (Evergy/DSO), $50-$80 for water/sewer/trash (plus $23.30 for trash), and potential for gas, with averages suggesting around $200-$300+ total for basic services, though rates can fluctuate seasonally and with recent city increases for water/sewer.
Electricity
Evergy: Around $126/month average for bundled service.
DSO Electric Cooperative: About $189/month average for bundled service.
WattBuy Estimates: $102 (low) to $318 (high) for an address in JC, varying by season.
Water/Sewer/Trash
Trash: $23.30/month for one 96-gallon container (City of JC).
Water/Sewer: Recent city increases (late 2023/2024) add about $3/month for water and $5-$6/month for sewer.
General Estimate: Expect combined water/sewer/trash in the $50-$80 range, plus the trash fee.
Other Utilities
Gas: Can add $80+/month depending on usage and season.
Internet: Starting around $50/month for cable/fiber options.
Overall Estimates
A general budget might place basic utilities (electric, water, sewer, trash) in the $200-$300+ range monthly, but this depends heavily on usage, home size, and provider.
To get precise figures for your address, it's best to check with Evergy, DSO Electric, the City of Junction City (for water/sewer/trash), and local internet providers.",218,8,16,how much are utilities in COUNTYSEAT STATE,economy,mixed,numeric,economy,20061,KS,Geary,Junction City,34362,0.25,0.5,0,0.125,0,0,0.25,0,0.125,0,0,0,0,0,0,0,0,1.75,10.48835329,41,0.2437841425,37.35653846,0,2.293577982,0.009174311927,https://aiolocalexperiment.github.io/aio_pages/full_samples_aio/466300c2-a56f-4cb5-a1bd-376e5e5d722a.html,FALSE,TRUE,too much space between paragraphs
IC,96de0df8-dc5c-4ea1-b6d6-78ae2e60e1c9,1,"To get your City of Rankin, TX, property tax account number, you must contact the Upton County Appraisal District (UCAD) or the Upton County Tax Assessor-Collector, as these entities handle the appraisal and collection of property taxes for the City of Rankin. The City of Rankin is one of several local taxing units (including the county, school districts, and hospital districts) for which the UCAD collects taxes.
1. Contact the Upton County Appraisal District (UCAD)
The UCAD is responsible for appraising property values and can provide you with the necessary account or property ID number.
Phone: 432-652-3221
Website: uptoncad.org
Email: info@uptoncad.org
2. Contact the Upton County Tax Assessor-Collector
The County Tax Assessor-Collector is the official who collects the taxes for the various local entities, including the City of Rankin. They can use your property's address or legal description to find your account information.
Contact Person: Monica Zarate (Tax Assessor-Collector)
Phone: 432-693-2572
Email: mzarate@co.upton.tx.us
Address:P.O. Box 141000 N. Rankin Street, Courthouse AnnexRankin, Texas 79778
3. Check Existing Documents
You may also find your property tax account number on existing documents you have received in the mail:
Your annual property tax bill or statement.
Official notices from the Upton County Appraisal District.
Closing documents from when you purchased the property.
4. Search Online
You can visit the statewide property tax transparency database link provided by the Texas Comptroller to find information regarding your property taxes, which may include a link to your local database to find your specific account information:
Go to Texas.gov/PropertyTaxes.
From there, you can access the local property tax database for Upton County to search for your property's records.
By contacting the appropriate Upton County office, you should be able to obtain the specific tax account number needed.",310,14,17,how do I get a city of COUNTYSEAT STATE tax account number,economy,objective,open-ended,economy,48461,TX,Upton,Rankin,3355,0.7142857143,0.07142857143,0,0.7142857143,0,0,0,0,0.2142857143,0,0,0,0,0,0,0,0,1.094914318,8.079308192,7,0.08808988764,36.28010921,0,0.6451612903,0.009677419355,https://aiolocalexperiment.github.io/aio_pages/full_samples_aio/96de0df8-dc5c-4ea1-b6d6-78ae2e60e1c9.html,FALSE,TRUE,too much space between bullet paragraphs 
IC,48a25952-3e15-4238-ac53-7945b305b216,1,"To get a City of West Palm Beach tax account number (known as a Business Tax Receipt account number), you must submit a business tax application to the City's Development Services Department.
The City of West Palm Beach does not currently offer an online application; you must apply via email or in person.
Application Process
Prepare Required Documentation: Before applying, ensure you have the following information and documents:
A completed and signed application form (available on the City's website forms page).
Your Social Security Number (SS#), Federal Employer Identification Number (FEIN), or Individual Taxpayer Identification Number (ITIN).
Proof of your business name registration from the Florida Division of Corporations (Sunbiz).
A copy of your State license, if applicable to your profession or business type.
Your 17-digit Parcel Control Number (PCN) for your business location, which can be found on the Palm Beach County Property Appraiser (PAPA) website.
Submit Your Application: You can submit your application using one of two methods:
Email: Send your completed application and supporting documents to businesstax@wpb.org.
In-Person: Bring your completed application to the Development Services lobby on the 1st Floor of City Hall at 401 Clematis Street, West Palm Beach, FL 33401.
Next Steps
Processing Time: Allow 5-10 business days for processing if you submit via email.
Account Number Issuance: A team member will contact you with your account number, payment instructions, and information about any necessary inspections (such as zoning review).
County BTR: Once you have your City of West Palm Beach Business Tax Receipt, you will also need to apply for a separate one from Palm Beach County. City staff can provide the necessary zoning sign-off on your County application after your city BTR is issued. You can reach the County Tax Collector at 561-355-2264 or on their website.",305,10,17,how do I get a city of COUNTYSEAT STATE tax account number,economy,objective,open-ended,economy,12099,FL,Palm Beach,West Palm Beach,1320134,0.9,0,0,0.9,0,0,0,0,0.1,0,0,0,0,0,0,0,0,0.4689955936,14.22593203,59,0.3955163728,36.89563559,0,0.3278688525,0.009836065574,https://aiolocalexperiment.github.io/aio_pages/full_samples_aio/48a25952-3e15-4238-ac53-7945b305b216.html,FALSE,TRUE,random bolding
IC,141bb453-a90c-4e83-9c69-60aa8ebc35e1,1,"Centerville, IA offers a mix of small-town charm, historic appeal, and strong outdoor recreation (fishing/hunting near Rathbun Lake), but faces challenges with poverty, higher-than-average crime (especially for its size), limited resources, and some economic decline, making it a place with distinct pros and cons depending on what you prioritize. It's known for its historic town square and community events but struggles with poverty and business departures, while also boasting good internet.
Pros:
History & Charm: Features Iowa's largest historic town square with many registered buildings, shops, and local events (Wine Fest, Pancake Day).
Outdoor Recreation: Excellent for hunting, fishing, and nature, with access to Lake Rathbun and public grounds, noted by Outdoor Life Magazine, notes by Homes.com.
Community Feel: A tight-knit, insular community where people often return, with a conservative bent.
Good Internet: Has reliable internet access.
Cons:
Crime: Higher crime rates compared to the national average and most Iowa cities, particularly when compared to similar-sized towns, NeighborhoodScout reports.
Economic Struggles: Faces poverty issues, with a high poverty rate (around 22-27%) and many larger businesses leaving.
Limited Resources: Lacks local mental health resources, and housing quality is often subpar, Niche.com notes.
School System: High attrition and graduation rate issues in the schools.
Overall:Centerville could be a good fit if you're seeking a quiet, historic, outdoor-focused small town and can overlook economic and crime concerns, but it presents significant challenges for those prioritizing modern amenities, economic opportunity, or low crime.",252,7,18,is COUNTYSEAT STATE a good area,safety,subjective,binary,safety,19007,IA,Appanoose,Centerville,12887,0.1428571429,0.4285714286,0,0,0,0.1428571429,0,0,0,0,0,0,0,0.1428571429,0.1428571429,0.1428571429,0,2.128085279,9.412627941,53,0.1934053439,27.75980519,0,1.984126984,0,https://aiolocalexperiment.github.io/aio_pages/full_samples_aio/141bb453-a90c-4e83-9c69-60aa8ebc35e1.html,FALSE,TRUE,last paragraph is fully bolded
IC,5b46dd9b-04d9-4c9a-825d-30aabde86971,1,"Whether Baton Rouge is a good place to live depends on personal priorities, as it offers a low cost of living, a vibrant culture, and a strong sense of community, but also faces challenges like high crime rates and a humid climate. It's ideal for those who prioritize affordability, Southern hospitality, and access to outdoor activities and food, while those concerned about crime or who dislike humidity may find it less suitable.
Pros of living in Baton Rouge
Affordable cost of living:: The overall cost of living is lower than the national average, with significant savings on housing, groceries, and utilities.
Strong sense of community:: Residents describe the city as having strong ""Southern hospitality"" and a tight-knit, friendly atmosphere, with a high degree of community support, especially during difficult times.
Vibrant culture and food scene:: Baton Rouge is known for its rich culture, including a famous food scene with Cajun and Creole influences. It also hosts many festivals and music events year-round.
Job market:: The job market is diverse and growing, with opportunities in healthcare, petrochemicals, education, and government.
Outdoor recreation:: The area offers numerous opportunities for outdoor activities like fishing, hunting, and hiking, with state and local parks nearby.
Location:: It's a good base for exploring other parts of Louisiana, with New Orleans and Gulf Coast beaches within a short drive.
Cons of living in Baton Rouge
Crime rate: The city has a higher-than-average crime rate, although much of it is concentrated in specific areas.
Hot and humid climate: Summers are hot and humid, which can be unpleasant for those who are not accustomed to it.
Limited public transportation: Public transportation options are limited.
Sports culture: The sports culture is heavily dominated by football (LSU and Southern University), which may be a con for those seeking more variety.
Natural disaster risk: Baton Rouge is also ranked as having a high risk of natural disasters.",321,12,18,is COUNTYSEAT STATE a good area,safety,subjective,binary,safety,22033,LA,East Baton Rouge,Baton Rouge,440171,0.4166666667,0.1666666667,0.08333333333,0.08333333333,0,0.08333333333,0.08333333333,0,0.1666666667,0,0,0,0,0,0.3333333333,0,0,2.584962501,13.02325218,80,0.3823044339,37.08892857,0,0.9345794393,0.01246105919,https://aiolocalexperiment.github.io/aio_pages/full_samples_aio/5b46dd9b-04d9-4c9a-825d-30aabde86971.html,FALSE,TRUE,double colons 
IC,e38ae51d-2ae7-492b-945b-8bd528f99eba,1,"Dickens, TX, is generally considered a good area for those seeking quiet, small-town, rural living with a strong community feel, offering peace, natural beauty, and conservative values, though it's very small (pop. ~225) with limited amenities, requiring trips to larger towns like Lubbock for extensive shopping/dining. It's praised for its friendly atmosphere, outdoor activities, and above-average public schools for its size, but its appeal depends heavily on prioritizing tranquility over urban convenience.
Pros:
Close-Knit Community: Strong sense of camaraderie, neighbors know each other, and locals gather at events.
Peaceful & Rural: Offers serene ambiance, wide-open spaces, and stunning natural scenery (ranch land, hills).
Outdoor Activities: Great for hiking, biking, and fishing in the surrounding natural beauty.
Good Schools: Public schools in Dickens are noted as being above average.
Affordable Living: Moderate home values make it accessible for buyers.
Proximity to Lubbock: Quick drives to Lubbock for more extensive amenities.
Cons:
Extremely Small: Very limited local shops, eateries, and services.
Rural Lifestyle: Life moves at a slower pace, which isn't for everyone.
Who is it good for?
People who love the outdoors and wide-open spaces.
Retirees and families seeking a calm, community-focused environment.
Those who prefer conservative values and a traditional small-town feel.
Individuals who don't mind driving to larger cities for big-box stores and diverse entertainment.
In summary, Dickens is great if you value peace, community, and rural charm, but it's not for those seeking an active, convenient urban lifestyle.",253,4,18,is COUNTYSEAT STATE a good area,safety,subjective,binary,safety,48125,TX,Dickens,Dickens,2444,0.25,0.5,0,0,0,0.25,0,0,0,0,0,0,0,0.25,0,0,0,1.5,7.403061091,44,0.1911148365,38.23223972,0,0.395256917,0.01185770751,https://aiolocalexperiment.github.io/aio_pages/full_samples_aio/e38ae51d-2ae7-492b-945b-8bd528f99eba.html,FALSE,TRUE,too much space between paragraphs
IC,3c3a054e-97c7-47e5-a596-33b660d5d787,1,"Alva, OK, is generally seen as a quiet, safe, small town with a low cost of living, friendly people, good schools (especially for sports/music), and proximity to Northwestern Oklahoma State University, but it's isolated with limited big-city amenities, a conservative vibe, and some conflicting crime data suggesting it's safer than national averages but perhaps higher than similar-sized towns in Oklahoma.
Pros:
Safety & Community: Lower crime than national averages, strong community feel, generally nice people.
Cost of Living: Cheap real estate and a low overall cost of living.
Education: Good schools, especially for extracurriculars (sports, music), with NWOSU and a tech center.
Lifestyle: Quiet, peaceful, lots of open land, sparse suburban feel, ideal for solitude.
History & Culture: Downtown square, museums, murals, and local spots like Sonic and diners.
Cons:
Isolation: Very isolated, with minimal variety in restaurants, nightlife, or entertainment.
Limited Opportunities: Few job opportunities outside of education/healthcare.
Conservative: Can be very conservative.
Crime Concerns: While generally safe, some sources suggest its crime rate is higher than other small towns in Oklahoma.
Natural Disasters: Like much of Oklahoma, it's in tornado alley.
Who is it good for?People seeking a quiet, affordable, community-focused life, families prioritizing strong local schools (especially extracurriculars), retirees, or those working in education/healthcare.
Who might not like it?Those needing diverse nightlife, extensive shopping/dining, big-city conveniences, or fast-paced environments.",234,11,18,is COUNTYSEAT STATE a good area,safety,subjective,binary,safety,40151,OK,Woods,Alva,8878,0.1818181818,0.2727272727,0,0,0,0,0.09090909091,0,0.09090909091,0,0,0,0,0.09090909091,0.3636363636,0.09090909091,0,2.299896391,9.061724348,90,0.3253079507,23.13287879,0,3.846153846,-0.01282051282,https://aiolocalexperiment.github.io/aio_pages/full_samples_aio/3c3a054e-97c7-47e5-a596-33b660d5d787.html,FALSE,TRUE,"whole paragraphs bolded, and no spacing"
IC,3f212451-bf4e-4e09-b06d-1abe62b56592,1,"To get an expedited passport in New London, CT, you can either use a third-party service like RushMyPassport/FedEx or Urgent Passport/UPS Store for fast processing (1-3 weeks/days with extra fees), or if you have urgent travel (within 14 days), try to get an appointment at a Passport Agency for same-day service; otherwise, submit your application via a local USPS Post Office (like the one on Masonic St) and pay the extra $60 for expedited processing (2-3 weeks), adding 1-2 day delivery for speed, notes {Link: this August 2023 USPS article, says this December 2025 PassportsAndVisas.com page, and this November 2025 U.S. Department of State article.
Option 1: Third-Party Expeditors (Fastest, Most Convenient)
How: Use services like RushMyPassport (via FedEx Office) or Urgent Passport (via The UPS Store), or PassportsAndVisas.com.
Pros: Expert document review, faster processing (sometimes 1-3 days/weeks), easy application online, tracking, and 24/7 support, says PassportsAndVisas.com and Urgent Passport.
Cons: Added cost on top of government fees.
Option 2: Direct with USPS + Expedited Fee (Standard Fast)
How: Apply at a local facility like the New London Post Office at 27 Masonic St, but pay the extra $60 fee.
Pros: Direct application, no middleman.
Cons: Processing still takes 2-3 weeks (plus shipping), and you're responsible for errors.
Option 3: National Passport Agency (For Urgent Travel)
How: Use the Online Passport Appointment System to book an appointment if you have international travel within 14 days, notes the U.S. Department of State.
Pros: Can get a passport extremely quickly (sometimes same day).
Cons: Requires proof of urgent travel and appointments are limited and hard to get.
Key Steps for Expedited Service
Complete Your Application: Fill out the correct form (DS-11 for new, DS-82 for renewal) online first.
Gather Documents: Proof of citizenship (birth cert), ID (driver's license), and passport photos (get these at Staples or FedEx Office).
Pay Fees: Include the $60 expedite fee plus application/execution fees.
**Add",339,12,19,how to get an expedited passport in COUNTYSEAT STATE,civics,objective,open-ended,civics,9011,CT,New London [6],New London,274055,0.1666666667,0.1666666667,0,0.3333333333,0,0,0,0,0.5,0,0,0,0,0,0,0,0,1.459147917,,,,46.61097915,0,0.5899705015,0.002949852507,https://aiolocalexperiment.github.io/aio_pages/full_samples_aio/3f212451-bf4e-4e09-b06d-1abe62b56592.html,FALSE,FALSE,seems cut off at the end 
IC,8762f2ee-b27f-4edc-9046-98288c187e6e,1,"To get an expedited passport in Fort Lauderdale, you can use the official government route by paying extra fees for faster mail processing or urgent in-person appointments at the Miami Regional Agency if traveling very soon; alternatively, private expediting services like RushMyPassport (via FedEx), Urgent Passport, or Allstate Passports offer faster, convenient options with expert document review and faster turnaround times for an extra fee.
1. Official Government Expedited Service (Mail)
How: Fill out your application (DS-11 for new, DS-82 for renewal), pay the standard fee + $60 expedite fee + optional 1-2 day delivery fee, and mail it in.
Processing: Currently around 7-9 weeks (check travel.state.gov for current times).
2. Urgent Travel Appointments (In-Person)
When: For urgent travel within 14 days (or 28 days if a visa is needed).
How: Call to schedule an appointment at the Miami Regional Passport Agency (Miami) (closest to Fort Lauderdale).
Note: Appointments are limited, so book ASAP.
3. Private Expediting Services (Fort Lauderdale Area)
How it works: These companies (e.g., RushMyPassport via FedEx, Urgent Passport, Allstate Passports & Visas ) guide you, review documents for errors, and overnight them to the government facility for faster processing.
Benefits: Expert review, faster service (sometimes 1-3 days), and convenience.
Cost: You pay their service fee plus the government's $60 expedite fee.
Steps for Fort Lauderdale Residents
Determine Urgency: If you have very immediate travel (under 2 weeks), target the Miami Agency appointment. Otherwise, choose mail or private service.
Gather Docs: Complete DS-11 (new) or DS-82 (renewal), get photos, proof of citizenship/ID.
Choose Your Path:
Mail: Find an acceptance facility in Fort Lauderdale (like a Post Office or Clerk of Courts) to submit.
Private Service: Use a local provider like RushMyPassport or Allstate Passports for expert help.",300,9,19,how to get an expedited passport in COUNTYSEAT STATE,civics,objective,open-ended,civics,12011,FL,Broward,Fort Lauderdale,1748066,0.2222222222,0,0,0.2222222222,0,0,0,0,0.7777777778,0,0,0,0,0,0,0,0,0.7642045065,14.4813518,50,0.3579891533,36.64851836,0,0.6666666667,0.01666666667,https://aiolocalexperiment.github.io/aio_pages/full_samples_aio/8762f2ee-b27f-4edc-9046-98288c187e6e.html,FALSE,TRUE,too much space between paragraphs
IC,6fb63ef6-ce1d-47f0-8950-e31a2c925c3c,1,"To get an expedited passport from Preston, GA, you'll likely use the Atlanta Passport Agency for urgent travel within 14 days or apply by mail with an extra $60 fee for standard expedited service, or use a private service like Urgent Passport0;5ed; or FedEx Office (Warner Robins) for faster processing by paying fees and potentially overnight shipping, but the fastest is an agency appointment if eligible.
For Urgent Travel (Within 14 Days/Life-or-Death Emergency):
Check Eligibility: Verify if your situation qualifies for urgent or life-or-death emergency service at travel.state.gov/content/travel/en/passports/get-fast.html.
Book Agency Appointment:0;708; Use the Online Passport Appointment System to schedule an appointment at the nearest agency (likely Atlanta) for same-day processing if eligible.
For General Expedited Service (Not Urgent Travel):
Apply by Mail:
Use the correct form (DS-82 for renewal, DS-5504 for name change).
Include the $60 expedite fee plus the application fee.
Write ""EXPEDITE"" on the outside of the envelope0;887;.
Add $22.05 for 1-2 day delivery of the completed passport.
Use a Private Service:
Companies like Urgent Passport or services via FedEx Office in Warner Robins can speed up the process, often to 3 business days, by handling submissions and using overnight delivery.
Key Steps & Fees (Check Official Site for Current Amounts):
Expedite Fee: ~$60.
1-2 Day Delivery: ~$22.05 (Optional).
Acceptance Facility (if needed for new): ~ $35 execution fee plus photo cost.
Where to Find a Facility (Acceptance Agent):
Look for local post offices or county clerks (like Sumter County near Preston) for new applications, but they can't guarantee faster than 4+ weeks.",280,13,19,how to get an expedited passport in COUNTYSEAT STATE,civics,objective,open-ended,civics,13307,GA,Webster,Preston,2799,0.1538461538,0,0,0.5384615385,0,0,0,0,0.3846153846,0,0,0,0,0,0,0.07692307692,0,1.295737801,7.761319181,2,0.1133603239,32.95478426,0,1.071428571,0.007142857143,https://aiolocalexperiment.github.io/aio_pages/full_samples_aio/6fb63ef6-ce1d-47f0-8950-e31a2c925c3c.html,FALSE,TRUE,"weird random numbers, spacing that isn't associated with bullet points"
IC,cfb609fb-186b-43ae-aae2-a9cc0fcb7976,1,"To get an expedited passport in Port Lavaca, TX, you can use third-party services like Allstate Passports & Visas or Urgent Passport for quick turnaround (even 24 hours), or apply yourself via Travel.state.gov for a $60 fee plus overnight shipping, often utilizing FedEx Office or UPS for photos and submission to a local acceptance facility.
Option 1: Use a Third-Party Expediting Service (Fastest)
Services: Companies like Allstate Passports & Visas and Urgent Passport offer expedited processing, sometimes as fast as 24 hours, and can guide you through the process for a fee.
How: They review documents, ensure accuracy, and use courier services to speed up submission to the passport agency.
Option 2: DIY Expedited Service (DIY Faster)
Complete Application: Fill out the DS-11 form online at travel.state.gov.
Get Photos: Visit a local FedEx Office or UPS Store for compliant passport photos.
Pay Fees: Include the $60 expedited fee plus optional 1-2 day delivery fee for faster return.
Find Facility: Locate a passport acceptance facility near Port Lavaca (often post offices or county clerk offices) to submit your application in person.
Key Fees & Times
Expedited Fee: $60 (paid to U.S. Dept. of State).
1-2 Day Delivery: ~$22.05 for faster return mailing (paid to Dept. of State).
Routine Processing: 6-8 weeks (can be longer).
Expedited Processing: 2-3 weeks (when applying yourself).
For Urgent Travel (Emergency)
If you have urgent international travel (within 14 days), visit the U.S. Department of State website for information on scheduling an appointment at a regional passport agency.",262,11,19,how to get an expedited passport in COUNTYSEAT STATE,civics,objective,open-ended,civics,48057,TX,Calhoun,Port Lavaca,21381,0.2727272727,0,0.09090909091,0.3636363636,0,0,0,0,0.4545454545,0,0,0,0,0,0,0.09090909091,0,1.67673703,9.899529731,14,0.1689635372,40.29802151,0,1.526717557,0.007633587786,https://aiolocalexperiment.github.io/aio_pages/full_samples_aio/cfb609fb-186b-43ae-aae2-a9cc0fcb7976.html,FALSE,TRUE,too much space between paragraphs
IC,dd3322d9-7659-4d12-b95c-3027296a5a3d,1,"To get an expedited passport in Parker, AZ, you can use the official U.S. Passport Agency for urgent travel, book with private expediting services like RushMyPassport via FedEx or Urgent Passport, or apply at a local acceptance facility (like a Post Office or Mohave County Clerk) and pay the $60 expedite fee for faster processing (2-3 weeks). For emergencies, contact the State Department directly; for faster results (1-3 days), private companies are best, while the official agency offers same-day service by appointment for urgent travel.
For Urgent Travel (Within 14 Days)
Book an Appointment: Use the National Passport Agency appointment system (travel.state.gov) to see if you qualify for a life-or-death or urgent travel appointment at a regional agency (like the Arizona Passport Agency in Tempe).
Gather Documents: You'll need proof of citizenship, ID, photos, and your application (Form DS-11 for new passports).
For Faster Service (Weeks)
Standard Expedite: Apply at a local acceptance facility (like a Parker Post Office or Mohave County Clerk) and pay the extra $60 fee for processing in 2-3 weeks.
Private Expediting Services:
FedEx Office / RushMyPassport: Start online, get photos taken at FedEx (no appointment), and send documents for expedited review and shipping.
Urgent Passport / Allstate Passports: Use online portals to submit and overnight documents for processing as fast as 1-3 days.
Key Steps & Locations
Passport Photos: FedEx Office in Parker offers passport photos without an appointment.
Acceptance Facility: Needed for first-time applications (DS-11); find one via travel.state.gov or at the Mohave County Courts.
Expedite Fee: $60 for official expedited service at a facility; private services add their own fees.",280,11,19,how to get an expedited passport in COUNTYSEAT STATE,civics,objective,open-ended,civics,4012,AZ,La Paz,Parker,20489,0.09090909091,0.2727272727,0,0.3636363636,0,0,0,0,0.3636363636,0,0,0,0,0,0,0,0,1.572623664,9.717459134,19,0.1385510312,34.32723776,0,0,0.007142857143,https://aiolocalexperiment.github.io/aio_pages/full_samples_aio/dd3322d9-7659-4d12-b95c-3027296a5a3d.html,FALSE,TRUE,too much space between paragraphs
IC,1cea31c6-22d4-4640-a556-4ca3412f0e91,1,"No, Rockville, Maryland, is not currently in a congestion charge zone.
Congestion charging, which typically involves a fee for driving into a busy urban area during peak times (like those implemented in cities such as London or Stockholm), has not been implemented in Rockville or the greater Washington D.C. metropolitan area.
While the region, including areas like Rockville Pike (MD 355), experiences significant traffic congestion during peak hours, and officials have discussed various methods for congestion relief, a formal congestion pricing zone is not in effect.
Maryland does utilize all-electronic tolling on its toll roads and facilities through the DriveEzMD system, but these are standard tolls and not a specific urban congestion charge. There are also existing and proposed High Occupancy Toll (HOT) lanes on certain interstates where drivers can choose to pay a variable toll for faster travel, but the general purpose lanes remain free.",148,12,21,is COUNTYSEAT STATE in congestion charge zone,transportation,objective,binary,transportation,24031,MD,Montgomery,Rockville,971777,0.75,0.08333333333,0,0.4166666667,0,0,0.1666666667,0,0.08333333333,0,0.08333333333,0,0,0,0.08333333333,0,0.08333333333,2.450825795,13.87149951,79,0.6028579691,28.85727397,0,0.6756756757,0.006756756757,https://aiolocalexperiment.github.io/aio_pages/full_samples_aio/1cea31c6-22d4-4640-a556-4ca3412f0e91.html,FALSE,TRUE,"no bolding, too much spacing."
IC,7a940133-a244-403c-826e-fe50215c4eb4,1,"No, Jena, Louisiana, is not in a congestion charge zone.
Congestion charge zones are typically found in very large metropolitan areas or specific major cities around the world, such as London, UK or New York City (which is still in the implementation phase as of late 2024/early 2025). Jena is a small town in rural Louisiana and does not have such a system.",64,4,21,is COUNTYSEAT STATE in congestion charge zone,transportation,objective,binary,transportation,22055,LA,Lafayette,Jena,221578,0,0.25,0,0,0,0,0.25,0,0,0.5,0,0,0,0,0,0,0,1.5,12.40931957,70,0.3485704637,51.23428571,0,3.125,0,https://aiolocalexperiment.github.io/aio_pages/full_samples_aio/7a940133-a244-403c-826e-fe50215c4eb4.html,FALSE,TRUE,nothing is bolded
IC,2efaef3a-c067-43b5-b881-e537cbdecbbc,1,"No, Billings, Montana, is not in a congestion charge zone. Congestion charge zones, where drivers are charged a fee for entering a specific urban area to reduce traffic, are not implemented in Billings.
Billings and the state of Montana do engage in transportation planning to manage traffic flow and congestion, but this involves general infrastructure projects, not a charging system.
For information regarding parking in downtown Billings, you can visit the Downtown Billings Association website. For information regarding the Billings Logan International Airport, details on parking and a free cell phone waiting lot to reduce traffic can be found on the Airport's official website.",105,9,21,is COUNTYSEAT STATE in congestion charge zone,transportation,objective,binary,transportation,30111,MT,Yellowstone,Billings,147972,1,0,0,0.5555555556,0,0.1111111111,0.1111111111,0,0.1111111111,0,0.1111111111,0,0,0,0,0,0,1.879964949,12.02778295,82,0.3392231359,36.85953846,0,0.9523809524,0.0380952381,https://aiolocalexperiment.github.io/aio_pages/full_samples_aio/2efaef3a-c067-43b5-b881-e537cbdecbbc.html,FALSE,TRUE,nothing is bolded
IC,2310a851-4deb-4dbc-8e92-9ca2f19f8aba,1,"No, New Orleans, LA does not have a congestion charge zone.
While New Orleans certainly experiences significant traffic congestion, particularly during peak hours and major festivals like Mardi Gras, the city does not have a designated area where drivers are charged a fee to enter, unlike cities such as London or New York City.
Instead of implementing congestion pricing, the city has focused on other transportation initiatives:
Improving the public transportation system, operated by the New Orleans Regional Transit Authority (RTA), including buses and streetcars.
Encouraging walking, biking, and the use of pedicabs in congested city areas.
Working on major infrastructure projects, such as flyover ramps and new interchange designs to alleviate bottlenecks on interstates leading to key locations like the airport.
Exploring options for a future rapid transit bus system.
So, while you might get stuck in traffic, you won't be charged a toll for simply driving into the city center.",153,8,21,is COUNTYSEAT STATE in congestion charge zone,transportation,objective,binary,transportation,22071,LA,Orleans,New Orleans,343829,0.375,0.125,0,0.25,0,0,0,0,0.125,0.125,0.125,0,0,0,0,0.125,0.125,2.75,12.8374375,53,0.4195147978,31.73578947,0,0.6535947712,0.01960784314,https://aiolocalexperiment.github.io/aio_pages/full_samples_aio/2310a851-4deb-4dbc-8e92-9ca2f19f8aba.html,FALSE,TRUE,not well formatted
IC,b6769c00-9df5-4a7c-b8d5-941e250bd2ad,1,"No, Sevierville, Tennessee, is not in a congestion charge zone. Congestion charging schemes, like those in London or Stockholm, do not exist in Sevierville or anywhere in Sevier County.
However, the area is a major tourist destination and is well-known for experiencing significant traffic congestion, particularly in the peak tourist season, on weekends, and during special events like car shows.
Local and state officials have implemented various strategies to manage the traffic flow, such as:
Utilizing intelligent traffic management systems (like GridSmart) to help manage traffic flow on busy corridors.
Planning and constructing new roads and parkways (like the now-open section of the Hendon Hagood Parkway, formerly the Sevier County Intra County Parkway) to create alternate routes around the busiest sections of the main Parkway (Highway 66/US 441).
Encouraging the use of local trolleys, especially in nearby Pigeon Forge, which has free parking options to connect with the system.
Drivers are advised to use backroads, plan travel times carefully, and check event calendars to avoid the heaviest traffic.",171,8,21,is COUNTYSEAT STATE in congestion charge zone,transportation,objective,binary,transportation,47155,TN,Sevier,Sevierville,89889,0.25,0.125,0,0.25,0,0,0,0,0,0,0,0,0,0.125,0.25,0.25,0,2.25,11.50087313,28,0.2143883878,35.43214286,0,0.5847953216,0.005847953216,https://aiolocalexperiment.github.io/aio_pages/full_samples_aio/b6769c00-9df5-4a7c-b8d5-941e250bd2ad.html,FALSE,TRUE,nothing is bolded
IC,bcda161b-79bf-440a-b0cd-f19827156a05,1,"Asheboro, North Carolina, is not in a congestion charge zone. Congestion charging schemes, like those found in cities such as London, are typically implemented in large metropolitan areas to manage traffic and reduce emissions.
Asheboro is the county seat of Randolph County and is known for its small-town charm and as the home of the North Carolina Zoo. While the North Carolina Department of Transportation (NCDOT) works on various projects to manage traffic and address occasional congestion in the area, such as the US 64 Asheboro Bypass, these are standard road improvement efforts and not a specific congestion pricing scheme.
Furthermore, Randolph County does not require vehicle emissions testing, which is another indicator that it is not subject to the types of air quality or traffic management regulations that would typically involve a congestion charge.",136,10,21,is COUNTYSEAT STATE in congestion charge zone,transportation,objective,binary,transportation,37151,NC,Randolph,Asheboro,141752,0.6,0.1,0,0.3,0,0,0,0,0.3,0,0.2,0,0,0,0.1,0,0,2.170950594,11.88670725,27,0.1763013807,31.53666667,0,1.470588235,0,https://aiolocalexperiment.github.io/aio_pages/full_samples_aio/bcda161b-79bf-440a-b0cd-f19827156a05.html,FALSE,TRUE,nothing is bolded
IC,f00a7c6b-cb0e-41bc-a010-66e17ceb0d7b,1,"For a small town like Unionville, MO, 1 to 2 days is usually enough to see the local sights, but you might extend it to 3-4 days if you're exploring nearby Putnam County attractions like the Locust Creek Covered Bridge, Mark Twain Cave, or Walt Disney's hometown. It's a quiet, rural area focused on livestock and crops, so the length of your stay depends on your interest in that peaceful lifestyle or regional history.
Here's a breakdown of what to expect:
Quick Visit (1 Day): You'll get a feel for the town square, local shops, and perhaps a meal at a local diner like Fat Annie's, as noted on Yelp.
Leisurely Stay (2-3 Days): Add day trips to nearby attractions, including the historic Walt Disney Hometown Museum and Mark Twain Cave in Hannibal (a bit of a drive), or explore Putnam County's natural spots like Lake Thunderhead.
Relaxed Pace (3+ Days): This allows for slow mornings, exploring local farms (if possible), enjoying the peaceful countryside, and truly disconnecting.
Factors to Consider:
Your Interests: Are you looking for history (Mark Twain), small-town charm, or outdoor activities?.
Travel Style: Do you prefer fast-paced sightseeing or slow, relaxing getaways?.
Nearby Attractions: Unionville is a hub for Putnam County, so visiting sites like the Locust Creek Covered Bridge State Historic Site will extend your trip.",232,2,22,how many days do you need in COUNTYSEAT STATE,culture,subjective,numeric,civics,29171,MO,Putnam,Unionville,4979,0.5,0,0.5,0,0,0,0,0,0,0,0,0,0,0.5,0,0,0,1,8.449984442,26,0.1928948914,51.32141686,0,1.293103448,0.008620689655,https://aiolocalexperiment.github.io/aio_pages/full_samples_aio/f00a7c6b-cb0e-41bc-a010-66e17ceb0d7b.html,FALSE,TRUE,too much spacing
IC,1032fe0a-463c-4a50-a1fd-ec76e384e857,1,"You can see Lincoln's highlights in a solid weekend (2-3 days), hitting the State Capitol, Historic Haymarket, Sunken Gardens, and the International Quilt Museum. For a deeper dive into neighborhoods, arts, local food, and the UNL campus, adding another day allows for exploring areas like College View, Pioneers Park Nature Center, and diverse eateries.
2-Day Quick Trip:
Day 1: State Capitol, Sunken Gardens, Haymarket (shopping, dining), LUX Center for the Arts.
Day 2: University of Nebraska-Lincoln campus, International Quilt Museum, Robber's Cave tours, and exploring local coffee shops like Crescent Moon Coffee.
3-Day Relaxed Weekend:
Day 1: Focus on Downtown & Haymarket: State Capitol, Hamann Rose Garden, Haymarket District, dinner downtown.
Day 2: Arts & Nature: Sunken Gardens, International Quilt Museum, Pioneers Park Nature Center, Lincoln's ""big-city attractions"".
Day 3: Neighborhoods & Unique Finds: College View shops (Wax Buffalo, Licorice International), The Green Gateau for brunch, Robber's Cave tours.
4+ Days for Deeper Exploration:
Add more time for University of Nebraska-Lincoln events, visiting more niche museums, taking a driving tour, or enjoying the live music scene.",183,5,22,how many days do you need in COUNTYSEAT STATE,culture,subjective,numeric,civics,31109,NE,Lancaster,Lincoln,285407,0.6,0,0,0,0,0,0,0,0,0,0,0,0,0,0.2,0.8,0,0.7219280949,12.68748903,91,0.4107453279,33.77926662,0,0,0.01092896175,https://aiolocalexperiment.github.io/aio_pages/full_samples_aio/1032fe0a-463c-4a50-a1fd-ec76e384e857.html,FALSE,TRUE,too much space between last heading and bullet points
IC,ec9f580d-c1f1-46d4-9d95-8cbad98f1919,1,"For a good taste of Oklahoma City (OKC), 2-3 days is ideal to see major spots like the National Memorial, Western Museum, arts district, and Scissortail Park, though you can get a solid overview in one day or explore deeper with four or more days for unique neighborhoods, events, and nearby attractions like Edmond or Moore.
Here's a breakdown by day:
1 Day (Quick Hit): Focus on the OKC National Memorial & Museum and then head to Bricktown for dinner and a river cruise, or explore the Western Heritage Museum.
2 Days (Solid Overview):
Day 1: National Memorial & Museum, Bricktown (river, dining).
Day 2: National Cowboy & Western Heritage Museum, Midtown (restaurants, boutiques), and Plaza District (artsy vibes).
3-4 Days (Deeper Dive): Add the First Americans Museum, Oklahoma City Museum of Art, Scissortail Park, Stockyards City, and maybe a day trip to Lake Thunderbird or Norman.
Factors to Consider:
Interests: History buffs, art lovers, foodies, or outdoor enthusiasts might want more time.
Pace: Do you prefer to rush or relax?
Events: OKC hosts many events (festivals, sports) that can extend your stay.
Ultimately, 2-3 days lets you experience the ""Modern Frontier"" well, but more days allow for a richer, more local exploration.",204,8,22,how many days do you need in COUNTYSEAT STATE,culture,subjective,numeric,civics,40109,OK,Oklahoma,Oklahoma City,718633,0.875,0,0.125,0,0,0.25,0,0,0,0,0,0,0,0.125,0,0.5,0,1.75,13.59297557,67,0.3509476706,44.68944444,0,0.4901960784,0,https://aiolocalexperiment.github.io/aio_pages/full_samples_aio/ec9f580d-c1f1-46d4-9d95-8cbad98f1919.html,FALSE,TRUE,too much spacing
IC,ce341a26-1059-422a-a5a8-222e2866705f,1,"No, public schools near Joliet, IL, are not expected to be closed tomorrow, December 11, 2025, as major news outlets are reporting no closings for the Chicago area, and Joliet Public Schools D86 shows a Special Meeting scheduled, indicating normal operations, though students get Winter Break starting December 22nd. Always check your specific district's website for official updates.
Here's why:
No Alerts: Local news sites like ABC7 Chicago, CBS News, and FOX 32 Chicago show no weather or emergency closures.
District Calendar: Joliet Public Schools District 86 lists a ""Special Meeting"" for December 11th, implying classes are running as usual before their Winter Break starts later in the month.
What to do:
Confirm: Visit the official website for your specific school district (e.g., Joliet Township High School, Plainfield School District 202, Lockport Township High School, etc.) or check their social media for any last-minute alerts.",149,5,23,are public schools closed tomorrow near COUNTYSEAT STATE,education,objective,binary,education,17197,IL,Will,Joliet,677560,0.6,0,0.2,0,0,0,0.4,0,0,0.2,0,0.2,0,0,0,0,0,1.921928095,13.45661887,75,0.3645855835,42.28172414,0,0,0.02684563758,https://aiolocalexperiment.github.io/aio_pages/full_samples_aio/ce341a26-1059-422a-a5a8-222e2866705f.html,FALSE,TRUE,too much space between bullet point sections 
IC,a758d3d0-cdb1-4e15-ad0b-acfbe47be83e,1,"Downtown Manchester, NH, is generally considered safe, especially during the day, but like any city, it's best to stay aware of your surroundings, particularly at night, as it's a hub for activity, nightlife, and social services, with petty crime like theft being more common in condensed areas. While its overall crime rate is higher than the national average, it's lower than many similarly sized cities, and residents often find it safe, emphasizing standard precautions like locking cars and watching belongings.
Key Safety Aspects:
Daytime vs. Nighttime:: Much safer and more active during the day, with caution advised at night, especially around bars and areas with homeless services.
Petty Crime:: Be mindful of your belongings; car break-ins and theft can occur, influenced by the opioid crisis, but violent crime is less prevalent than property crime.
Relative Safety:: Compared to other cities its size, Manchester is safer, and New Hampshire is generally a very safe state.
Neighborhoods:: Downtown, particularly around Elm Street, attracts visitors but also has higher crime potential due to poverty relief centers and nightlife, so standard urban vigilance is key.
Tips for Downtown Safety:
Stick to well-lit, busy streets, especially after dark.
Keep valuables out of sight in your car and on your person.
Be aware of your surroundings, even when using your phone.
In summary, Downtown Manchester is a vibrant area that's safe for exploring, dining, and entertainment, but it requires the common-sense safety practices expected in any bustling city center.",250,9,24,how safe is downtown COUNTYSEAT STATE,safety,subjective,open-ended,safety,33011,NH,Hillsborough,"Manchester, Nashua",400721,0.2222222222,0.2222222222,0,0.1111111111,0,0.1111111111,0,0,0.1111111111,0,0,0,0,0,0.4444444444,0,0,2.05881389,12.95921366,87,0.4062034821,39.58309764,0,2,0.008,https://aiolocalexperiment.github.io/aio_pages/full_samples_aio/a758d3d0-cdb1-4e15-ad0b-acfbe47be83e.html,FALSE,TRUE,double colon 
IC,6dee8e5c-9e52-4af8-9c9c-a949bcfb27dc,1,"Downtown Manhattan, including areas like the Financial District, is generally very safe, especially in busy areas with lots of people and light; however, like any big city, it requires awareness, with common issues being opportunistic petty crimes (pickpocketing, phone snatching) in crowded tourist spots, and caution needed at night in less populated zones or deserted commercial areas. Overall, NYC is one of the safest large cities in the US, but practicing standard big-city smarts—stay aware, avoid dark alleys, secure belongings—is key.
What Makes Downtown Safe:
High Foot Traffic: Tourist attractions, restaurants, and shops keep areas lively, deterring street crime, notes Roomrs.
Low Violent Crime: Violent crime is rare and often isolated, especially in popular zones, according to U.Santini Moving & Storage.
NYPD Presence: Strong police presence and community programs enhance safety, says Roomrs.
Key Safety Tips for Downtown:
Be Aware of Your Surroundings: Watch out for petty theft like pickpocketing in crowded spots.
Nighttime Caution: While lively areas are generally fine, avoid deserted streets or parks late at night; stick to well-lit, populated routes.
Subway Safety: Ride in the center car with the conductor and stay away from the platform edge, advises The New York Times.
Protect Valuables: Don't flash expensive jewelry or leave bags unattended, according to The New York Times.
In summary, downtown NYC is safe for visitors and residents; just use common-sense vigilance and stay alert, especially at night, and you'll have a great experience.",245,8,24,how safe is downtown COUNTYSEAT STATE,safety,subjective,open-ended,safety,36061,NY,New York [10],New York,1585873,0.75,0.25,0,0,0,0.125,0,0,0,0.125,0,0,0,0,0.125,0.375,0,2.155639062,14.3027326,88,0.6400278318,38.96889528,0.8163265306,1.224489796,0,https://aiolocalexperiment.github.io/aio_pages/full_samples_aio/6dee8e5c-9e52-4af8-9c9c-a949bcfb27dc.html,FALSE,TRUE,sentence split up in the last sentence
IC,69f1111e-9dd3-469e-b355-c474b6694868,1,"Official data sources indicate that the number of murders in Thompson Falls, MT is generally very low, often zero in a given year.
Specific data points show:
0 homicides were reported in Thompson Falls from 2013 to 2023.
From 2002-2005, there were 0 cases of murder or manslaughter reported in the city.
While yearly statistics are often zero, individual homicide cases have occurred in the area in recent years. These are relatively infrequent and are handled by the Sanders County Sheriff's Office and the Montana Department of Justice:
2017: A murder-suicide incident near Trout Creek (in Sanders County, near Thompson Falls) resulted in two deaths.
2018: Matthew George LaFriniere was murdered in Thompson Falls; Danielle Jeanette Wood was later convicted for the deliberate homicide in 2021.
2020: A Hot Springs man killed his roommate via blunt force trauma (also in Sanders County).
For official, comprehensive crime statistics, you can access the annual Crime in Montana report via the Montana Board of Crime Control website.",167,8,25,how many murders in COUNTYSEAT STATE,safety,mixed,numeric,safety,30089,MT,Sanders,Thompson Falls,11413,0.75,0.375,0,0.25,0,0,0.375,0,0,0,0,0,0,0,0,0,0,1.561278124,9.467769401,90,0.2155972559,44.68359756,0.5988023952,2.395209581,0.005988023952,https://aiolocalexperiment.github.io/aio_pages/full_samples_aio/69f1111e-9dd3-469e-b355-c474b6694868.html,FALSE,TRUE,weird spacing
IC,59b390ce-c092-46fd-b660-07f0593808d8,1,"To look up criminal records in Birmingham, AL, use the Alacourt ACCESS portal for court records (name/case search) or the Alabama Law Enforcement Agency (ALEA) portal for official state background checks, or contact the Birmingham Police Department Records Division for local records; third-party sites offer convenience but charge fees, while official sources provide in-depth access.
Online Court Records (Alacourt)
What it is: Alacourt ACCESS V2.0 provides access to Alabama court records (criminal, civil, traffic) for a fee.
How to use: Search by name or case number on the Alacourt website for details, party info, and actions.
Official State Background Checks (ALEA)
What it is: For official Alabama Criminal History Record Information (CHRI) for background checks.
How to use: Submit an application with fingerprints, photo ID, and payment (money order/cashier's check) to the Alabama Law Enforcement Agency (ALEA) in Montgomery or by mail.
Local Birmingham Records (Police/City Clerk)
Birmingham Police Records: Birmingham Police Department offers criminal background checks for the city only for a fee, with results in 1-3 days.
City Clerk: For general public records requests within Birmingham, you must fill out a specific Request for Public Records form and provide proof of Alabama residency to the City Clerk's Office.
Jefferson County Records
Jefferson County Circuit Clerk: Visit the Jefferson County Circuit Clerk's website for local court information or use the general Alacourt portal.
Other Options
Third-Party Sites: Various online platforms offer searches, but typically charge fees and aren't official government sources.
Fieldprint: Used for specific DHR-related criminal history checks.
Quick Summary
For court cases: Use Alacourt ACCESS V2.0.
For official state history: ALEA application.
For local city records: Birmingham Police Records or City Clerk.",289,7,27,how to look up criminal records in COUNTYSEAT STATE,safety,objective,open-ended,safety,1073,AL,Jefferson,Birmingham,658466,0.8571428571,0,0,0.8571428571,0,0,0,0,0,0,0,0,0,0,0.1428571429,0,0,0.5916727786,13.41465083,72,0.3593676101,36.15568182,0,0.3460207612,0.006920415225,https://aiolocalexperiment.github.io/aio_pages/full_samples_aio/59b390ce-c092-46fd-b660-07f0593808d8.html,FALSE,TRUE,too much spacing
IC,7caea68d-9943-42fa-9847-5077f6341707,1,"To look up criminal records in Pagosa Springs, CO, use the Colorado Bureau of Investigation (CBI) for statewide checks online ($6/search), check the Pagosa Springs Police Dept. website/call (970) 264-4151 for local incidents/reports, and use the Colorado Judicial Branch's cocourts.com (COCourts.com) for court case info. For deeper dives, contact the Archuleta County Courthouse for local case files or the Colorado State Archives for historical documents.
Here's a breakdown of where to look:
For Statewide Criminal History (Arrests/Convictions):
Colorado Bureau of Investigation (CBI): Go to cbirecordscheck.com to search the state's central database for a fee ($6 per search).
For Local Police Incidents & Reports (Pagosa Springs):
Pagosa Springs Police Dept.: Visit their website and complete a Police Records Request form or call (970) 264-4151 ext. 228 for incident/accident reports, with fees and processing times applying.
For Court Case Records (Criminal & Civil):
COCourts.com (Colorado Judicial Branch): Search statewide court records (civil/criminal) online for free or a fee.
Archuleta County Courthouse: Contact them directly for specific local court records; they are part of the 6th Judicial District.
For Specific Case Details (If You Have Info):
State Archives: For older or historical court records.
PACER: For federal cases in Colorado.
Key Tip: Always have the person's exact name and date of birth for the most accurate results, and remember that fees often apply.",234,9,27,how to look up criminal records in COUNTYSEAT STATE,safety,objective,open-ended,safety,8007,CO,Archuleta,Pagosa Springs,12084,0.4444444444,0.1111111111,0,0.3333333333,0,0,0,0,0,0,0,0,0,0,0.5555555556,0,0,1.351644115,9.527338499,82,0.4071008094,50.04880428,0,0.4273504274,-0.008547008547,https://aiolocalexperiment.github.io/aio_pages/full_samples_aio/7caea68d-9943-42fa-9847-5077f6341707.html,FALSE,TRUE,"last sentence fully bolded, weird spacing"
IC,0134782c-8892-4eb6-8202-903ad8f96b56,1,"To look up criminal records in Clarksville, TX (Red River County), you'll use a mix of state-level DPS searches and local court records, primarily through the Red River County Clerk/District Clerk websites or in person for specific case details, keeping in mind that Texas has public records laws allowing access but requiring proper procedures and fees.
State-Level Searches (DPS)
Texas DPS Criminal History Search: This is the primary way to find state-wide convictions.
Go to the Texas Department of Public Safety (.gov) website and find the ""Criminal History Conviction Name Search"".
Create an account and purchase search credits (around $3 per search).
Enter the person's name and other details to find arrests and dispositions for Class B misdemeanors or greater.
Local Searches (Clarksville/Red River County)
Red River County Clerk/District Clerk: For specific case files not on DPS.
Search the Red River County website (co.red-river.tx.us) for their Clerk and District Clerk pages.
Look for ""Misdemeanor & Probate Records Copy Request Forms"" or similar links for court records.
You may need to submit a written request or visit in person for older/more detailed records, as not all counties offer full online access.
Other Options
Public Information Act: For records not online, you can submit a formal request to the relevant police department or sheriff's office under the Texas Public Information Act.
Third-Party Services: Use reputable background check services, but be aware of fees and their limitations.
Key Tip: Always specify if you need a certified copy and confirm fees and processing times with the relevant county office.",269,8,27,how to look up criminal records in COUNTYSEAT STATE,safety,objective,open-ended,safety,48387,TX,Red River,Clarksville,12860,0.375,0,0,0.375,0,0,0,0.125,0.125,0,0,0,0,0,0.375,0,0,1.811278124,9.360569085,24,0.156374269,49.19637795,0,0.7434944238,-0.007434944238,https://aiolocalexperiment.github.io/aio_pages/full_samples_aio/0134782c-8892-4eb6-8202-903ad8f96b56.html,FALSE,TRUE,too much space
IC,0645d70f-504e-422c-b65f-f46dbe0f1985,1,"To look up criminal records for Murfreesboro, Arkansas (Pike County), use the statewide Arkansas Judiciary's CourtConnect for court cases or the Arkansas Crime Information Center (ARCH) for broader history, often with a fee; for arrests, contact the Arkansas State Police or check local Pike County resources, but be aware of legal access rules, especially for records not publically available.
Here's a breakdown of methods:
1. State-Level Online Portals (Recommended)
Arkansas Judiciary CourtConnect: Search public court case information (charges, hearings, outcomes) by name or case number for cases in courts using the state's system.
Arkansas Crime Information Center (ARCH): A statewide system for accurate criminal history, usually for a fee, accessed via the Arkansas.gov portal.
2. Local County Resources (Pike County)
Since Murfreesboro is in Pike County, check the Pike County page on Arkansas.gov for local court/sheriff links.
Contact the Pike County Clerk of Court directly for older or specific local court records.
3. State Police (For Arrest/Background Checks)
The Arkansas State Police (ASP) handles broader criminal history requests, often requiring specific forms (like the ASP122) and fees for employment or official purposes.
4. For Incarceration Records
Check the Arkansas Department of Corrections inmate database for people in state prison.
Key Things to Remember:
Fees: Expect fees for official state background checks and some online searches.
Consent: Accessing records for others (especially for employment) often requires written consent.
Accuracy: Online data might need verification with the Clerk of Court.
Start with CourtConnect and ARCH for general searches, then drill down to Pike County or State Police for specifics!",265,10,27,how to look up criminal records in COUNTYSEAT STATE,safety,objective,open-ended,safety,5109,AR,Pike,Murfreesboro,11291,0.8,0.3,0,0.5,0,0,0,0,0,0,0,0,0,0,0.2,0,0,1.485475297,9.228376734,18,0.1956000564,37.32020353,0,2.264150943,-0.03018867925,https://aiolocalexperiment.github.io/aio_pages/full_samples_aio/0645d70f-504e-422c-b65f-f46dbe0f1985.html,FALSE,TRUE,"no bullet points, just indented"
IC,2b7b5609-b97f-4fe1-9916-d77f8598f7ed,1,"Lexington, Missouri, is best known for its rich Civil War history, particularly the Battle of Lexington (or ""Hemp Bales""), featuring the iconic cannonball stuck in the courthouse pillar, its beautifully preserved 19th-century architecture (over 100 pre-Civil War homes), historic Main Street with antique shops, and its charm as a Missouri River town. It's a major heritage destination with the Battle of Lexington State Historic Site, historic homes like the Anderson House, and events that celebrate its unique past.
Key Highlights:
Civil War Battlefield: The site of a major battle where Confederate forces used hemp bales as moving breastworks.
Cannonball in the Courthouse: A famous relic from the battle, lodged in the Lafayette County Courthouse.
Historic Architecture: Over 100 antebellum homes and buildings, with many on the National Register of Historic Places, offer a glimpse into the past.
Anderson House: A restored plantation home used as a hospital during the battle, now a museum.
Main Street: Features antique stores, specialty shops, and restaurants in historic buildings.
Trail of Death Marker: Commemorates the forced removal of the Potawatomi Indians in 1838.
** Madonna of the Trail:** A monument dedicated to pioneer women, with Harry S. Truman attending its dedication.",199,6,28,what is COUNTYSEAT STATE best known for,culture,subjective,open-ended,civics,29107,MO,Lafayette,Lexington,33381,0.6666666667,0,0,0,0,0,0,0,0,0,0,0,0,0,0,0.8333333333,0.1666666667,0.6500224216,10.40347465,61,0.2441774411,39.32263265,0,0,0.005025125628,https://aiolocalexperiment.github.io/aio_pages/full_samples_aio/2b7b5609-b97f-4fe1-9916-d77f8598f7ed.html,FALSE,TRUE,last bullet point is not properly bolded
IC,d0c2b60d-2724-463c-bf4a-7d6a8002abae,1,"Cuthbert, GA, isn't inherently ""bad,"" but it's a small, struggling Southern town facing economic hardship (low income, poverty, hospital closure) that impacts quality of life, especially healthcare access, yet offers a quiet, historic setting with friendly locals and community spirit, so whether it's ""bad"" depends on what you prioritize—economic opportunity vs. small-town peace and history.
Challenges:
Economic Hardship: Very low median household income, high poverty rates, and low-income neighborhoods.
Healthcare Access: The closure of the local hospital significantly impacts emergency and routine care, a major concern for the older population.
""Dying Town"" Perception: Some sources label it a struggling or ""dying"" town due to economic decline.
Positives:
Small-Town Charm & History: Rich history, friendly people, Southern hospitality, and local festivals.
Low Crime (Statistically): Some data suggests overall crime rates are lower than the national average, though property crime can be an issue.
Affordable Living: Low cost of living and home values.
Community & Nature: Access to local history (museums), outdoor areas (Lake Worth), and a focus on local shopping.
In Summary:Cuthbert offers a peaceful, affordable, historically rich environment with community, but residents face significant challenges with poverty and essential services like healthcare, making it a place of contrasts.",204,8,31,is COUNTYSEAT STATE a bad city,safety,subjective,binary,safety,13243,GA,Randolph,Cuthbert,7719,0.125,0.5,0,0,0,0,0,0,0,0,0,0,0,0.125,0.25,0.125,0,1.75,8.743531634,5,0.1501296253,19.89916327,0,1.960784314,0.009803921569,https://aiolocalexperiment.github.io/aio_pages/full_samples_aio/d0c2b60d-2724-463c-bf4a-7d6a8002abae.html,FALSE,TRUE,too much space
IC,2315eae7-aaa3-4c86-bbb4-ddc5f286f096,1,"No, Imperial, NE is generally considered a good place to live, not a ""bad city,"" known for being quiet, safe, family-friendly, with low crime rates, strong community spirit, good schools, and a peaceful, rural-suburban feel, though it's a small town with typical rural demographics like higher conservatism and car reliance.
Positives:
Safety & Crime: Significantly lower crime rates than state and national averages; residents feel safe.
Community & Lifestyle: Friendly, quiet, family-oriented, with supportive neighbors, parks, and a hometown atmosphere.
Education: Highly-rated public schools.
Economy/Stability: Strong agricultural base, weathering recessions well.
Homeownership: High homeownership rate (over 80%).
Considerations (Typical for Small Towns):
Population: Small (around 2,000) and has seen slight decline, but many young people return to raise families.
Demographics: Tends to be conservative; many retirees and families.
Commute/Walkability: Short commute times, but car-dependent (high car ownership).
Health Metrics: Some data shows higher rates for obesity, smoking, and binge drinking compared to national averages, common in rural areas.
Overall: Imperial, NE, is seen as a secure, pleasant small town for families and retirees, offering a peaceful environment, not a ""bad"" city by most quality-of-life metrics.",194,10,31,is COUNTYSEAT STATE a bad city,safety,subjective,binary,safety,31029,NE,Chase,Imperial,3966,0.3,0.3,0,0.3,0,0,0,0,0,0,0,0,0,0.1,0.3,0,0,1.895461844,8.199464198,57,0.2409542744,26.29663189,0.5154639175,2.06185567,0.01030927835,https://aiolocalexperiment.github.io/aio_pages/full_samples_aio/2315eae7-aaa3-4c86-bbb4-ddc5f286f096.html,FALSE,TRUE,too much space
IC,665a7f7a-a76a-4c9f-b42b-1f39897f7740,1,"Carlsbad, NM, is a mixed bag: it offers beautiful desert scenery, outdoor recreation (like Carlsbad Caverns), friendly people, and a small-town feel with amenities, but it struggles with higher-than-average crime rates, especially property crime, leading to mixed reviews, with some seeing it as a safe haven and others concerned about crime and rapid influx of transient workers impacting local life and housing.
Pros:
Outdoor & Recreation: Access to Carlsbad Caverns, Sitting Bull Falls, Pecos River, dog parks, and outdoor activities.
Community Feel: Friendly, close-knit, small-town atmosphere with family-friendly perks.
Economic Growth: One of New Mexico's fastest-growing cities with strong business growth and job opportunities.
Quality of Life: High quality of life, good schools, and a strong workforce.
Cons:
Crime: Crime rates, particularly property and violent crime, are higher than national and state averages, though perceptions vary.
Traffic & Influx: Traffic can be bad, partly due to an influx of temporary workers from the oil/gas industry, leading to feelings of entitlement and strain on resources.
Housing: Some find housing high, with limited move-in-ready options, and note disrepair in the market.
Drugs: Some residents mention issues with drugs and crime in the broader region.
Verdict:Whether Carlsbad is ""bad"" depends on your priorities; it's great for outdoor lovers and those seeking a community feel, but concerns about crime, particularly property crime, and the impact of transient workers are significant for some residents. Taking normal safety precautions (locking doors, etc.) is recommended, as with most places.",253,14,31,is COUNTYSEAT STATE a bad city,safety,subjective,binary,safety,35015,NM,Eddy,Carlsbad,53829,0.3571428571,0.1428571429,0,0,0,0.07142857143,0,0,0,0,0.1428571429,0,0,0.07142857143,0.5,0.07142857143,0,2.117963175,11.02049625,32,0.1982151362,40.9525,0,1.976284585,0.01185770751,https://aiolocalexperiment.github.io/aio_pages/full_samples_aio/665a7f7a-a76a-4c9f-b42b-1f39897f7740.html,FALSE,TRUE,last paragraph entirely bolded
IC,3c9fa7f3-491a-43c8-8b09-18ba6fff9676,1,"Whether Stockton, CA is a ""bad"" city is subjective and depends on what factors one prioritizes; however, it consistently faces significant challenges, primarily high crime rates and socioeconomic issues, while offering benefits like a lower cost of living compared to the Bay Area and a diverse community.
Challenges and Cons
Crime Rates: Stockton has a much higher crime rate than state and national averages, particularly for violent and property crimes. It has one of the highest murder rates in California and the U.S. in comparison with other cities of similar size. Crime is a primary concern for residents and is often concentrated in downtown and southeastern areas.
Socioeconomic Issues: The city was hit hard by the 2007 subprime mortgage crisis and became the largest U.S. city to file for bankruptcy in 2012. It has historically faced higher unemployment rates and has been ranked low for child opportunity due to factors like poverty rates, lower household incomes, and educational disparities.
Quality of Life Concerns: Issues like homelessness, air pollution, and traffic during rush hour commutes are noted concerns. One study also named it the most dangerous city in the country for cyclists.
Advantages and Pros
Affordability: Stockton's main selling point is its relative affordability compared to the expensive San Francisco Bay Area. Housing costs and the overall cost of living are significantly lower than in many other parts of California, making it an option for those priced out of coastal areas.
Diverse Community and Culture: The city is known for its rich cultural tapestry and diverse community, celebrating various annual events and offering ""god-tier"" (excellent) food options.
Amenities and Location: There are safe and pleasant neighborhoods, such as Spanos Park and Weston Ranch, which feel like typical suburbs. The city offers proximity to outdoor activities, including the San Joaquin Delta waters for boating and lakes and trails in the nearby mountains. It is also home to educational institutions like the University of the Pacific.
In conclusion, Stockton presents a dichotomy. It struggles with significant, well-documented issues related to crime and economic stability, giving rise to its negative reputation. However, many residents appreciate its affordability, diversity, and specific safe neighborhoods, suggesting the experience of living there heavily depends on one's specific location and lifestyle.",378,15,31,is COUNTYSEAT STATE a bad city,safety,subjective,binary,safety,6077,CA,San Joaquin,Stockton,685306,0.4666666667,0.06666666667,0,0,0,0.2666666667,0.2,0,0,0.1333333333,0,0,0,0,0.3333333333,0,0,2.149255397,13.57651198,33,0.2157295804,27.54140068,0,0.2645502646,0.005291005291,https://aiolocalexperiment.github.io/aio_pages/full_samples_aio/3c9fa7f3-491a-43c8-8b09-18ba6fff9676.html,FALSE,TRUE,too much space between bullet point blocks 
IC,0f7c56e9-c00a-4352-8ddd-0863ad31c477,1,"The best area to stay in Heber Springs, AR, depends on your preference: for lake/river access and scenic views, Eden Isle, Lindsey's Resort, and riverfront cabins (like at River Hideaway) are ideal for nature lovers; for convenience near downtown attractions like the Community Center, consider hotels near the city center or Holiday Inn Express; while for a historic, resort feel with golf and dining, the Red Apple Inn offers a classic experience.
For Lake & River Access (Nature & Outdoors Focus):
Eden Isle: Great for lake access, marinas, and a resort atmosphere on Greers Ferry Lake, says Hotels.com.
River Hideaway & Lindsey's Resort: Perfect for fishing and river activities, offering themed cabins and campground options right on the Little Red River, notes Tripadvisor and Arkansas.com.
Puddin' Ridge Farm: A charming farm stay with lovely hosts, great for a peaceful, authentic experience, say Traveloka.
For Downtown Convenience & Amenities:
Near City Center: The Holiday Inn Express Heber Springs offers proximity to downtown, according to Travelocity.
Near Community Center: The Quality Inn & Conference Center provides easy access and free parking for local events, notes Hotels.com.
For a Classic Resort Experience:
Red Apple Inn: A historic resort with golf, condo rentals, and beautiful lake views, offering a well-rounded vacation, notes Red Apple Inn.
To choose the best area for you, consider:
Your main goal: Relaxation by the lake, fishing, downtown access, or golf?.
Your accommodation style: Hotel, cozy cabin, or resort?.",241,9,33,what is the best area to stay in COUNTYSEAT STATE,culture,subjective,open-ended,civics,5023,AR,Cleburne,Heber Springs,25970,0.2222222222,0.4444444444,0,0,0,0.1111111111,0,0,0,0,0,0,0,0.3333333333,0,0.1111111111,0,1.752715279,10.12854926,38,0.1826979629,33.29884615,0.8298755187,0,0.004149377593,https://aiolocalexperiment.github.io/aio_pages/full_samples_aio/0f7c56e9-c00a-4352-8ddd-0863ad31c477.html,FALSE,TRUE,period after question marks 
IC,e6d94633-f6c0-4614-a7aa-2ce5175367ed,1,"The best area in Springfield, MA depends on your goal: Metro Center/Downtown for walkability, museums, dining (MGM Springfield area), or West Springfield/Chicopee/Holyoke (nearby towns) for family-friendly, suburban feel, good hotels, and easy highway access, with Sixteen Acres also noted for suburban charm within Springfield. Consider Forest Park for green space or nearby Hadley/Amherst for more college-town vibes if exploring the wider area.
For City Vibe & Attractions:
Metro Center (Downtown): Great for museums (Quadrangle), restaurants, nightlife, and the MGM Casino/Hotel; very walkable with modern and historic architecture. Stay near the Hilton Garden Inn or MGM for safety and convenience.
For Suburban Feel & Family-Friendliness:
Sixteen Acres (East Springfield): Offers parks, green spaces, local markets, and a peaceful, suburban atmosphere, ideal for relaxing.
East Forest Park: Known for its community feel, peaceful streets, and proximity to shopping and dining.
West Springfield/Chicopee/Holyoke (Adjacent Towns): Many locals recommend staying just outside Springfield in these areas for better hotel options, restaurants, and highway access (Mass Pike) without being too far.
Things to Consider:
Safety: Some downtown areas can feel dicey after dark; Ubers are recommended for late nights.
Hotels: Check reviews for hotels in West Springfield/Chicopee/Holyoke; chains like Fairfield Inn, Hilton Garden Inn, Hampton Inn, Tru by Hilton are often mentioned as reliable.
For College Towns/Shopping: If exploring further, Hadley, Amherst, and Northampton offer unique shops and dining.
In Summary: For action, stay downtown. For easier access to amenities and a quieter stay, look to West Springfield or Chicopee. For a true suburban feel within the city, Sixteen Acres is a great choice.",270,9,33,what is the best area to stay in COUNTYSEAT STATE,culture,subjective,open-ended,civics,25013,MA,Hampden,Springfield,463490,0.2222222222,0.1111111111,0,0,0,0.2222222222,0,0,0,0,0,0,0,0.3333333333,0.3333333333,0,0,1.891061112,13.04516479,47,0.2892509019,36.99102065,0,0.7407407407,0.03333333333,https://aiolocalexperiment.github.io/aio_pages/full_samples_aio/e6d94633-f6c0-4614-a7aa-2ce5175367ed.html,FALSE,TRUE,spacing
IC,3b01d86e-7ede-4fe9-a8a6-143acaa31100,1,"The best area to stay in Watertown, NY, depends on your focus: stay near Arsenal Street (Route 3) for major hotels (Hilton Garden Inn, Fairfield, Holiday Inn Express) and shopping/dining convenience, near Fort Drum (Evans Mills area) for military/business, or in the historic village of Sackets Harbor for charming, lakefront B&Bs (like Harbor House Inn) for a quieter getaway, with options for both city convenience and quaint escape in Northern NY.
For Convenience & Chains:
Arsenal Street/Route 3 Corridor: This is the main commercial hub with most chain hotels (Hilton Garden Inn, Fairfield, Holiday Inn Express, Comfort Inn), restaurants, and stores. Great for easy access to everything in Watertown.
For Military/Business (Near Fort Drum):
Evans Mills/South Watertown: Hotels like Candlewood Suites and Days Inn are closer to the Fort Drum main gate, ideal if visiting the base.
For a Quaint, Historic Experience:
Sackets Harbor: Located a short drive west on Lake Ontario, it offers historic charm, marinas, and unique stays like the Harbor House Inn for a more relaxed, scenic trip.
Budget-Friendly:
Look for options like Travelodge or Allen's Budget Motel in or around Watertown for lower-cost stays.
Key Considerations:
Thousand Islands Access: Many hotels market ""Thousand Islands"" in their name, as Watertown is a gateway to the region, says www.hotels.com.
Lake Ontario/Rivers: If you want waterfront, Sackets Harbor or nearby options are best, note Expedia.
In summary, choose Arsenal Street for city convenience, Evans Mills for Fort Drum, or Sackets Harbor for historic charm.",256,8,33,what is the best area to stay in COUNTYSEAT STATE,culture,subjective,open-ended,civics,36045,NY,Jefferson,Watertown,116229,0.125,0.75,0,0,0,0,0,0,0,0,0,0,0,0.125,0,0.125,0,1.061278124,11.66246553,75,0.256745532,38.89509107,0.390625,0.390625,0.01953125,https://aiolocalexperiment.github.io/aio_pages/full_samples_aio/3b01d86e-7ede-4fe9-a8a6-143acaa31100.html,FALSE,TRUE,spacing
IC,1ae9919b-07f7-4339-84d2-7f6bbca361f9,1,"The best area to stay in Jersey City depends on your priorities, but Downtown (Grove Street/Exchange Place) is ideal for vibrant nightlife, dining, and quick PATH train access to NYC; The Heights & Bergen-Lafayette offer charming brownstones, local vibes, and great views; while Newport & Paulus Hook provide waterfront luxury and family-friendly settings near PATH stations, with Journal Square emerging as a transit-focused, developing hub.
Top Neighborhoods for Visitors
Downtown Jersey City (Grove Street/Exchange Place):
Vibe: Bustling, foodie paradise, diverse cuisines, lively bars (White Eagle Hall).
Why Stay: Best transportation (PATH to WTC), waterfront parks, stunning NYC views, close to ferries.
Good For: First-time visitors, those wanting city energy.
Paulus Hook:
Vibe: Historic, charming, cobblestone streets, brownstones.
Why Stay: Near Exchange Place PATH, beautiful waterfront, quiet yet central.
Good For: History buffs, luxury seekers, great views.
The Heights:
Vibe: Residential, tree-lined, community feel, panoramic Manhattan views.
Why Stay: Affordable, local shops, peaceful alternative to Downtown.
Good For: Longer stays, local experience.
Bergen-Lafayette:
Vibe: Artsy, diverse, growing cultural scene, brownstones.
Why Stay: Affordable, parks, growing food scene, unique character.
Good For: Art lovers, budget-conscious travelers.
Journal Square:
Vibe: Revitalizing, cultural hub (Loew's Theatre).
Why Stay: Major PATH hub, developing restaurants, more affordable.
Good For: Commuters, those wanting access without Downtown prices.
Key Tip for Visitors
Stay near a PATH station: This is crucial for easy, traffic-free access to NYC (WTC in minutes) and other parts of JC. Hotels near Exchange Place, Grove Street, and Newport are excellent choices.",256,9,33,what is the best area to stay in COUNTYSEAT STATE,culture,subjective,open-ended,civics,34017,NJ,Hudson,Jersey City,634266,0.6666666667,0.1111111111,0.1111111111,0,0,0.4444444444,0,0,0,0,0,0,0,0.2222222222,0.1111111111,0,0,2.05881389,13.47369326,27,0.4790299672,46.6099263,0,0,0.0078125,https://aiolocalexperiment.github.io/aio_pages/full_samples_aio/1ae9919b-07f7-4339-84d2-7f6bbca361f9.html,FALSE,TRUE,bullets
IC,b81b43d4-d877-453c-b98b-70feb04f5fd9,1,"The best area to stay in Madison, VA depends on your focus: for vineyard access & charm, look near Early Mountain/Revalation Vineyards; for rustic escapes & hiking, consider Syria (Graves Mountain); for historic vibes, the Town of Madison; and for central location & affordability, nearby towns like Culpeper or Orange (closer to Montpelier) offer more options like the Inn at Meander or Round Hill Inn, while Madison Heights (near Lynchburg) offers river views but is further from the town of Madison.
If you love Wine & Local Flavor:
Near the Town of Madison/Early Mountain: Stay here for easy access to top wineries like Early Mountain Vineyards and Revalation Vineyards.
For Nature & Quiet (Near Shenandoah):
Syria (Western Madison County): Home to Graves Mountain Farm & Lodges, offering great views, family-friendly lodging, and proximity to the Blue Ridge Mountains and Shenandoah National Park.
For Historic Charm & Quaintness:
The Town of Madison: A small, historic town with local history and community events.
The Inn & Tavern at Meander: A colonial estate with gourmet dining, ideal for a tranquil, historic getaway.
For Convenience & Variety (Outside Madison County):
Culpeper/Orange: Slightly further but offer more hotel choices (Microtel, Round Hill Inn) and proximity to James Madison's Montpelier.
Madison Heights (Lynchburg Area): Good for James River access, but further from Madison's core attractions.
Top Picks for the Area:
Graves Mountain Farm & Lodges: For rustic, family fun.
The Inn & Tavern at Meander: For historic, upscale relaxation.
Round Hill Inn: For central comfort near Orange.
Consider what matters most: wine, hiking, history, or convenient amenities, and pick your base accordingly!",261,9,33,what is the best area to stay in COUNTYSEAT STATE,culture,subjective,open-ended,civics,51113,VA,Madison,Madison,13308,0.2222222222,0.4444444444,0,0.1111111111,0,0,0,0.1111111111,0,0,0,0,0,0.3333333333,0,0,0,1.752715279,9.541871852,46,0.2761135199,34.3431016,0,0,0.04214559387,https://aiolocalexperiment.github.io/aio_pages/full_samples_aio/b81b43d4-d877-453c-b98b-70feb04f5fd9.html,FALSE,TRUE,spacing
IC,29bcbc31-5d0e-4425-80b8-c27754928bf1,1,"Public transportation in Bridgeport, CT, run by Greater Bridgeport Transit (GBT), offers various fares like a $1.75 2-hour pass, $4 for an all-day pass, with discounts for seniors/disabled ($0.85), plus 7-day ($17.50) and 31-day ($70) unlimited options, payable with exact cash, or the Go CT Card for digital payments on GBT and CTtransit services.
Single Ride & Day Passes (GBT)
2-Hour Pass: $1.75 (Regular) / $0.85 (Reduced)
1-Day Unlimited Pass: $4.00 (Regular) / $1.70 (Reduced)
Multi-Day & Monthly Passes (GBT)
7-Day Unlimited: $17.50
31-Day Unlimited: $70.00
Other Options
Youth Pass: 31-day pass for $45.
Go CT Card: A reloadable card for $2.00 (plus minimum load) to tap and pay on GBT and CTtransit, offering convenience and potential fare capping (never paying more than $52.50 in 31 days on CTtransit),.
How to Pay
Cash: Exact change is required on buses.
Go CT Card: Load money onto the card for seamless travel.
Token Transit app: Also available for pass purchases.
For detailed fare info and student/discount programs, check the GBT website and CTtransit website.",191,9,34,how much is public transportation in COUNTYSEAT STATE,transportation,mixed,numeric,transportation,9001,CT,Fairfield [6],Bridgeport,916829,0.7777777778,0,0,0.4444444444,0,0.1111111111,0.1111111111,0.1111111111,0.1111111111,0,0,0,0,0,0.1111111111,0,0,2.281036113,,,,62.40452381,0,0,0.005235602094,https://aiolocalexperiment.github.io/aio_pages/full_samples_aio/29bcbc31-5d0e-4425-80b8-c27754928bf1.html,FALSE,TRUE,spacing
IC,87138ef6-bea6-49a2-9f78-2eccef64fc8f,1,"Public transportation in the Estancia, NM area (part of the Rio Metro region) involves a mix of free bus services and paid regional train (Rail Runner), with local bus rides often being free, while Rail Runner fares depend on zones, starting around $2 for one-way within a zone, but checking Rio Metro Regional Transit District is best for current details on free local options and train costs.
For Local Estancia Bus (Often Free):
Rio Metro provides bus services in the area, and often, these bus routes are fare-free, meaning you might not pay anything for local trips.
For Regional Rail (New Mexico Rail Runner Express):
If you're traveling further, like to Albuquerque or Santa Fe, you'd use the Rail Runner.
One-Way Fares (Example Zones):
1 Zone: ~$2
2 Zones: ~$3
3 Zones: ~$5
Monthly Passes: Available at different prices depending on the zones covered, with discounts for online purchase.
To Confirm & Plan:
Check Rio Metro: Visit Rio Metro Regional Transit District for the most up-to-date information on free bus services and Rail Runner fares.",181,4,34,how much is public transportation in COUNTYSEAT STATE,transportation,mixed,numeric,transportation,35057,NM,Torrance,Estancia,16383,1,0,0,0.75,0,0,0,0,0,0,0,0,0,0,0,0.25,0,0.8112781245,9.634954299,5,0.1487466716,38.77851724,0,2.762430939,0.005524861878,https://aiolocalexperiment.github.io/aio_pages/full_samples_aio/87138ef6-bea6-49a2-9f78-2eccef64fc8f.html,FALSE,TRUE,spacing
IC,09415123-f56b-403a-be2b-15e032286a29,1,"Public transportation in Tampa, primarily HART buses, costs around $2 for a single local ride, with discounted fares for eligible riders, and offers a $65 monthly pass, but remember the TECO Line Streetcar (connecting downtown, Channelside, Ybor) is FREE; you can use a reloadable Flamingo Fares card, app, or contactless bank cards for easy tap-on payments with fare capping.
HART Bus Fares (Hillsborough Area Regional Transit)
Regular Local Fare: $2.00 per trip.
Discount Fare: $1.00 (for eligible riders).
Monthly Pass: Around $65 (or $32.50 for discount).
Express Routes: Higher fares ($6 for regular, $3 for discount).
Free Options
TECO Line Streetcar: A popular, free way to travel between downtown Tampa, the Channel District, and historic Ybor City.
Payment & Savings
Flamingo Fares: Use the smartcard or app for pay-as-you-go with automatic fare capping (you won't pay more than the daily/monthly pass rate).
Contactless: Tap your debit/credit card or mobile wallet (Apple Pay, Google Pay) on HART readers.
Where to Find More Info
Visit the HART website for the most current fare details and schedules.",183,8,34,how much is public transportation in COUNTYSEAT STATE,transportation,mixed,numeric,transportation,12057,FL,Hillsborough,Tampa,1229226,1,0.125,0,0.625,0,0.125,0,0,0,0,0,0,0,0,0,0.125,0,1.548794941,14.21404101,59,0.3715522282,56.25526252,0,1.092896175,0.01092896175,https://aiolocalexperiment.github.io/aio_pages/full_samples_aio/09415123-f56b-403a-be2b-15e032286a29.html,FALSE,TRUE,spacing
IC,3af9f159-3674-4a19-a8d5-79d949811af3,1,"Public transportation in Chaska, MN, primarily run by SouthWest Transit, has fares like $2.00-$3.25 for local/express buses (less for seniors/youth) and $5.00 for their on-demand SW Prime service, with cheaper options for kids/seniors and free rides for under-5s, paid with cash or Go-To card for standard routes.
Here's a breakdown by service:
SouthWest Transit (SW Transit) Standard Routes (like Route 686)
Adults (13-64): $2.00 (Local) / $2.50 (Non-Peak Express) / $3.25 (Peak Express).
Youth (6-12) & Seniors (65+): $1.00 (Local/Non-Peak).
Kids (5 & Under): Free with a paying adult.
Payment: Cash (exact change) or Go-To Card.
SW Prime (On-Demand Rideshare)
Standard Fare: $5.00 per person, per trip.
Seniors (65+): $3.00.
Youth (6-12): $5.00 (with paying adult).
Kids (5 & Under): Free.
Payment & Cards
You can use cash (exact change for buses) or a Go-To Card for standard routes, which offers fare capping benefits.
SW Prime can be booked via app/phone and uses its own payment methods.",179,9,34,how much is public transportation in COUNTYSEAT STATE,transportation,mixed,numeric,transportation,27019,MN,Carver,Chaska,91042,1,0,0,1,0,0,0,0,0,0,0,0,0,0,0,0,0,0,11.59562924,97,0.5047798498,75.06199963,0,0.5586592179,0.005586592179,https://aiolocalexperiment.github.io/aio_pages/full_samples_aio/3af9f159-3674-4a19-a8d5-79d949811af3.html,FALSE,TRUE,headings
IC,6103cdb9-5a7e-4f6d-94e1-ea8952fd1705,1,"A wedding in the Stuart, VA area typically costs $10,000 to over $30,000, with most couples spending in the $20,000-$30,000 range, depending heavily on guest count, venue (barns, estates, farms are popular), and vendor choices, with some venues starting under $5,000 and full-service planning adding thousands.
General Virginia Wedding Costs
Small (under 50 guests): $10,000 - $18,000
Mid-Size (75-125 guests): $18,000 - $28,000
Large (150+ guests): $30,000+
Local Venue Examples Near Stuart
Lower Range: Barns and farm venues (like The Barn at Heritage Farm, Floyd Event Center) can start from a few hundred to a few thousand dollars, with some options like Smith Mountain Manor starting around $500.
Mid-Range: Venues like Stoneleigh Estate, Rosa Lee Manor, and Glass Hill Venue offer packages from around $1,750 up to $10,000+ depending on services.
Typical Vendor Costs (SW Virginia Estimates)
Venue: $2,000 - $10,000+
Catering: $40+ per person
Photography: Around $3,700
Full Planner: Around $7,000
Key Factors Influencing Cost
Guest Count: More guests significantly increase catering and venue costs.
Venue Type: Rustic barns, farms, and smaller estates are common in this area and vary widely in price.
Season/Day: Off-peak seasons and weekdays are cheaper.
Inclusions: Venues offering packages (catering, rentals) can be easier to budget than piecing everything together.",226,10,35,how much is a wedding in COUNTYSEAT STATE,civics,mixed,numeric,economy,51141,VA,Patrick,Stuart,18490,0.3,0.3,0,0,0,0.3,0,0,0.1,0,0,0,0,0.3,0,0,0,1.895461844,9.775995032,55,0.15229906,39.45615764,0,3.539823009,0,https://aiolocalexperiment.github.io/aio_pages/full_samples_aio/6103cdb9-5a7e-4f6d-94e1-ea8952fd1705.html,FALSE,TRUE,spacing
IC,ff26d8f4-36a4-4a82-9ddf-c7a445a43d2a,1,"The cost of a wedding in the Rushville, IL, area generally starts around $2,500 to $4,500 just for the venue, with the average total wedding cost in Illinois being significantly higher, at approximately $37,000 in 2022.
Wedding costs vary widely based on location, guest count, venue amenities, and included services.
Local Venue Costs
Several event venues in and around Rushville provide starting prices for facility rental:
Paul's Paradise (Pleasant Plains, IL): Starting at $3,000 for up to 300 guests.
The Old Homestead Event Barn (Rushville, IL): Prices for this venue can be found on sites like The Knot and WeddingWire, with related venues in the area starting around $3,000-$4,500.
Schuyler Penney Event Venue (Rushville, IL): Offers custom services including rentals, floral design, and day-of coordination, but specific starting prices are not publicly listed and require direct contact.
Factors Influencing the Total Cost
The venue is only one component of the total wedding expense. The overall price is heavily influenced by additional vendors and services:
Guest Count: More guests mean higher costs for catering, seating, and beverages.
Catering and Bar Services: This is often the largest single expense after the venue.
Photography and Videography: Photographers like Firefly Studio in Rushville specialize in various types of photography, including wedding photos.
Attire and Accessories (dresses, tuxedos).
Music/Entertainment (DJ or live band).
Flowers and Decorations.
Wedding Planner/Coordinator: Services can start from $500 for basic assistance to over $2,000 for full planning.
To get an accurate estimate, it is recommended to contact venues and vendors directly for detailed pricing based on your specific needs and date. Wedding planning sites like The Knot also offer budget planning tools to help estimate costs.",288,23,35,how much is a wedding in COUNTYSEAT STATE,civics,mixed,numeric,economy,17167,IL,Sangamon,Rushville,197465,0.3043478261,0.2173913043,0,0,0,0.1739130435,0,0,0.2173913043,0,0,0,0.04347826087,0.2608695652,0.08695652174,0,0,2.404907349,12.18186704,79,0.3511987891,37.96334783,0,2.430555556,0.01388888889,https://aiolocalexperiment.github.io/aio_pages/full_samples_aio/ff26d8f4-36a4-4a82-9ddf-c7a445a43d2a.html,FALSE,TRUE,spacing
IC,7dd2d0ab-dd9f-4745-9062-28a78a2be583,1,"Towns near Nashville offer diverse living, from historic charm in Franklin & Columbia, upscale suburbs like Brentwood, Belle Meade, & Nolensville, family-friendly areas in Hendersonville, Mount Juliet, & Murfreesboro, to more rural escapes with acreage in Spring Hill, Gallatin, Lebanon, Thompson's Station, & Fairview, all providing easy commutes and distinct Tennessee vibes.
Popular & Commuter-Friendly Suburbs (South/Southeast)
Brentwood & Belle Meade: Upscale, luxury, great schools, close to I-65.
Franklin: Historic downtown, shops, restaurants, parks, top schools.
Nolensville: Quaint, small-town feel, easy access to I-65/I-24.
Smyrna: Affordable, balanced amenities.
Murfreesboro: Growing city, good for commuters.
North & Northeast Suburbs
Hendersonville: Lakeside living (Old Hickory Lake), amenities.
Gallatin: Lakeside living, room to roam, nature access.
Goodlettsville: Easy access to north Nashville.
White House: Further north, quieter pace.
East of Nashville
Mount Juliet: ""City Between the Lakes,"" amenities, I-40 access.
Lebanon: Rural charm, historic downtown, acreage options.
West & Southwest
Fairview: Privacy, space, near Bowie Nature Park.
Kingston Springs: Outdoors, adventure.
Spring Hill: Growing, affordable lifestyle.
Thompson's Station: Quiet, rolling hills, luxury homes.
Other Nearby Towns
Columbia: Historic Main Street, culture.
White Bluff: Near state parks.",186,10,36,what cities are close to COUNTYSEAT STATE,geography,objective,open-ended,environment,47037,TN,Davidson,Nashville,626681,0.8,0.2,0,0,0,0.4,0,0,0.3,0,0,0,0,0,0,0.1,0,1.846439345,13.47280332,70,0.4732054526,41.30294444,0,0,0.01075268817,https://aiolocalexperiment.github.io/aio_pages/full_samples_aio/7dd2d0ab-dd9f-4745-9062-28a78a2be583.html,FALSE,TRUE,spacing
IC,ca8b3b10-c9b0-419d-ab33-03c2012c895b,1,"Recently in Fayetteville, NC, police are investigating the suspicious death of a woman found in woods (Toni Troxell), seeking help finding a runaway juvenile (Harmony Christian), and have issued alerts for crashes (like on Skibo Rd, I-295) and lost/found pets. The community also saw events like the Downtown Christmas Parade, while county commissioners discussed the Unhoused Support Center location, and local news covered ongoing drug busts, traffic fatalities, and developments at Fayetteville State University.
Key Recent Events:
Suspicious Death: Police are investigating the death of Toni Jackson Troxell, found in a wooded area off Bragg Blvd.
Missing Person: The FPD is asking for help locating runaway teen Harmony Renee Christian.
Traffic Incidents: Recent alerts included a four-vehicle crash on Skibo Road and a crash on I-295.
Community Events: Fayetteville hosted its Christmas Parade downtown, attracting thousands.
Police Activity: The FPD's Forensic Unit passed its annual NIBIN audit, and detectives are working on cases like identifying a deceased elderly female.
Other Local News:
Fayetteville State University (FSU): Introduced new AI technology for social work students through a partnership.
County Issues: Commissioners are looking at new sites for the Unhoused Support Center.
Crime: Police have been involved in drug busts and are investigating various shootings and robberies.",210,11,37,what happened in COUNTYSEAT STATE recently,events,subjective,open-ended,civics,37051,NC,Cumberland,Fayetteville,319431,0.4545454545,0,0,0.09090909091,0,0,0.6363636364,0,0,0,0,0,0,0,0.2727272727,0,0,1.240670532,12.72709312,65,0.2718954186,29.62067073,0,0,0.01904761905,https://aiolocalexperiment.github.io/aio_pages/full_samples_aio/ca8b3b10-c9b0-419d-ab33-03c2012c895b.html,FALSE,TRUE,inconsistent spacing
IC,cb8f3cc3-9e82-44b5-8dbe-53f1cf0bc52a,1,"Recently in Sheridan, AR, residents protested a proposed data/solar center near town, facing ongoing water issues from a past lightning strike, while the local school district made news for cell phone policy changes, and the town saw local sports wins and developments like new park bonds and the closure of the Mad Butcher store.
Community & Development
Protests: Residents gathered to oppose a potential data center and solar farm project, raising concerns about property values and quality of life.
Parks: A bond issue to improve parks and recreation facilities was approved by voters.
Business: The Mad Butcher grocery store recently closed its doors.
Schools & Education
Phone Policy: The Sheridan School District adopted a stricter ""Bell to Bell, No Cell"" policy for all grades.
Recognition: The district earned the ""Capturing Kids' Hearts National Showcase District"" distinction for 2024-25.
Infrastructure & Utilities
Water Problems: Months after a lightning strike damaged the water treatment plant, residents still face discolored, rusty water despite assurances it's safe.
Sports
Basketball: The Sheridan boys' basketball team recently secured a win against Pine Bluff.
Local News
Local Figures: Former State Senator Eddie Joe Williams spoke at a Chamber of Commerce breakfast.",194,8,37,what happened in COUNTYSEAT STATE recently,events,subjective,open-ended,civics,5053,AR,Grant,Sheridan,17853,0.625,0,0.125,0,0,0,0.5,0,0,0,0,0,0,0,0.375,0,0,1.405639062,9.804274767,45,0.2093059813,39.12690518,0,0,0.01546391753,https://aiolocalexperiment.github.io/aio_pages/full_samples_aio/cb8f3cc3-9e82-44b5-8dbe-53f1cf0bc52a.html,FALSE,TRUE,spacing
IC,b38ca0f5-7d00-4f63-bc24-59db35cb2170,1,"In Granite Falls, MN, local bus passes, handled by Prairie Five RIDES, vary by type: expect around $28 for an Adult Monthly Pass, $23 for Youth/Senior, with options like 20-ride tickets for about $38, but it's best to check Prairie Five Community Action or the City's transit page City of Granite Falls, MN for the very latest pricing, as some transit systems can have seasonal or updated rates.
Here's a breakdown of typical fares (confirm on their site):
Adult Monthly Pass: Around $28.
Youth/Senior Monthly Pass: Around $23.
Student Summer Pass: Approximately $35.
20-Ride Ticket: About $38.
One-Way City Fare: Often $2.00.
Sundays: Free.
Where to get info:
City of Granite Falls: granitefalls.com/departments/transit/faq.php.
Prairie Five RIDES: prairiefive.org/programs/prairie-five-rides-transportation-program/.",138,4,38,how much is a bus pass in COUNTYSEAT STATE,transportation,objective,numeric,transportation,27173,MN,Yellow Medicine,Granite Falls,10438,1,0,0,0.5,0,0,0,0,0,0,0.5,0,0,0,0,0,0,1,9.159993998,82,0.1898120073,54.60600962,0,4.347826087,0.02173913043,https://aiolocalexperiment.github.io/aio_pages/full_samples_aio/b38ca0f5-7d00-4f63-bc24-59db35cb2170.html,FALSE,TRUE,spacing
IC,ddbe53bb-1714-4482-8ffb-45db21f127a6,1,"While specific ""bad"" neighborhoods aren't pinpointed, residents suggest areas with higher drug activity and crime, especially post-COVID, mentioning some areas within Watertown have ""weirdos,"" recommending areas just outside town like Black River or Evans Mills for more quiet, while noting even nice areas need caution (e.g., drive slow at night for deer/crime) and some suggest cameras, indicating general awareness is key in the whole city.
General Sentiment & Safety Concerns:
Increased Drug Issues: Many locals feel drug problems have worsened in Watertown, affecting overall safety.
Varying Experiences: Even areas near nice spots like Thompson Park can have issues; every neighborhood has pros/cons.
Crime Statistics: Watertown has higher crime rates (violent & property) than national averages, per NeighborhoodScout and Nextdoor.
Areas Mentioned (and Alternatives):
Inside Watertown: Some perceive parts of Watertown as having ""weirdos"" and drug activity, suggesting vigilance is needed everywhere.
Outside Watertown (Recommended): Black River and Evans Mills are suggested for a calmer, small-town vibe with better schools.
Thompson Park Area: Considered a better area, but caution (cameras, slow driving) is still advised due to general city issues and wildlife.
Key Takeaway:Rather than naming specific bad blocks, residents emphasize that safety concerns (drugs, general crime) are present throughout Watertown, leading many to suggest moving to nearby smaller towns, while still recommending general awareness and security measures (like cameras) even in more established areas.",229,4,39,what are bad neighborhoods in COUNTYSEAT STATE,safety,mixed,open-ended,safety,36045,NY,Jefferson,Watertown,116229,0,0.25,0,0,0,0,0,0,0,0,0,0,0,0.25,0.5,0,0,1.5,11.66246553,75,0.256745532,21.74427928,0,2.620087336,0.03056768559,https://aiolocalexperiment.github.io/aio_pages/full_samples_aio/ddbe53bb-1714-4482-8ffb-45db21f127a6.html,FALSE,TRUE,last paragraph is bolded
IC,b6473be2-c2e0-4e20-88f2-653cf8139818,1,"""Bad"" neighborhoods in Oakland, often cited for higher crime (property, violent, drug-related) and socioeconomic challenges, generally center in parts of East Oakland, West Oakland, and the Fruitvale area, with specific problem spots including Acorn, Eastmont, Hoover-Foster, and areas near International Blvd, though these areas are complex with diverse communities and ongoing revitalization efforts.
Key Areas Often Mentioned:
East Oakland: Areas like Eastmont, parts near the Coliseum, and around International Blvd often see higher rates of property crime, robberies, and shootings, with some ZIP codes also facing poor health outcomes.
West Oakland: Experiences issues with car break-ins, theft, and unsafe streets, particularly in zones like Acorn and near I-880, though residents also highlight its rich history and community.
Fruitvale: Near the BART station and Tidal Canal, it struggles with theft, burglaries, and assaults, alongside its vibrant culture.
Specific Zones: The Bottoms, Dogtown, and areas around the 880 corridor are frequently cited for crime issues.
Why These Areas Are Cited:
Crime Statistics: Higher numbers of property crimes (theft, burglary) and violent crimes (robbery, assault, shootings).
Socioeconomic Factors: Issues like poverty, lack of affordable housing, and health disparities impact these neighborhoods, according to The Oaklandside, Center for Health Journalism, and GIS Geography.
Visual Cues: Some areas have noticeable urban blight, including trash and poorly maintained infrastructure, noted by Quora users.
Important Considerations:
Varying Experiences: Crime and safety levels can change block by block; even within these areas, many residents live safely and enjoy strong community bonds.
Ongoing Change: Like many cities, Oakland is constantly evolving, with efforts to improve and gentrify some of these areas, while residents also voice concerns about displacement and gentrification.",275,5,39,what are bad neighborhoods in COUNTYSEAT STATE,safety,mixed,open-ended,safety,6001,CA,Alameda,Oakland,1510271,0.4,0,0,0,0,0,0.2,0,0,0.2,0,0,0,0,0.6,0,0,1.370950594,14.31746636,62,0.514693647,15.43551107,0.3636363636,3.272727273,0.02545454545,https://aiolocalexperiment.github.io/aio_pages/full_samples_aio/b6473be2-c2e0-4e20-88f2-653cf8139818.html,FALSE,FALSE,weird bolding
IC,ba936366-7c52-4222-82bd-2803caa9fafb,1,"Arco, Idaho, is generally considered a small, tight-knit, and safe community with low crime, thanks to its rural setting and strong community feel, and there aren't widely publicized ""bad neighborhoods"" like in larger cities; instead, it's known for outdoor recreation and quiet living, making concerns about specific bad areas less relevant for this small town.
Why Specific Bad Neighborhoods Aren't a Major Issue in Arco:
Small Population: With fewer than 1,000 residents, crime is spread out, and everyone knows each other, fostering community watchfulness.
Rural Charm: Arco offers a peaceful lifestyle, with attractions like Craters of the Moon nearby, indicating a focus on nature, not urban crime.
Low Crime State: Idaho itself has some of the lowest property crime rates in the U.S., and small towns typically see less violent crime than cities.
What Arco Offers (Instead of ""Bad"" Areas):
Supportive Community: Described as welcoming and supportive by residents.
Outdoor Recreation: Easy access to fishing, hiking, boating on the Big Lost River.
Essential Amenities: A single grocery store, a hospital, and public schools serve the entire community.
In summary, if you're looking at Arco, focus on the overall small-town vibe rather than searching for specific high-crime zones, as it's known more for its safety and outdoor appeal.",217,6,39,what are bad neighborhoods in COUNTYSEAT STATE,safety,mixed,open-ended,safety,16023,ID,Butte,Arco,2891,0.1666666667,0.5,0,0,0,0.1666666667,0,0,0,0,0,0,0,0.3333333333,0,0,0,1.459147917,7.883823215,57,0.1381838691,37.99434783,0,1.382488479,0.01382488479,https://aiolocalexperiment.github.io/aio_pages/full_samples_aio/ba936366-7c52-4222-82bd-2803caa9fafb.html,FALSE,TRUE,last paragraph broken up via heading
IC,6f7e2615-33d6-4eb4-89c9-fd00f0fdc0d1,1,"Rusk, Texas, is primarily served by the Rusk Independent School District (RISD), but it's located within the larger Rusk County, which has numerous school districts (like Carlisle, Henderson, Tatum) and Rusk has 5 City Council Districts for its local governance. So, it depends on whether you mean schools, county entities, or city wards!
School Districts Serving Rusk (Main):
Rusk Independent School District (RISD): This is the main district for the city of Rusk and surrounding areas in Cherokee County.
Other Districts in Rusk County (Where parts of Rusk might touch):
Carlisle ISD, Henderson ISD, Laneville ISD, Leverett's Chapel ISD, Mount Enterprise ISD, Overton ISD, Tatum ISD, West Rusk County Consolidated ISD.
City Governance:
The City of Rusk has its own internal City Council Districts for local representation, as shown on Rusk City Hall maps.
In summary: You're mostly in Rusk ISD, but Rusk County has many districts, and Rusk city has its own political districts.",158,6,40,how many districts are in COUNTYSEAT STATE,geography,objective,numeric,civics,48073,TX,Cherokee,Rusk,50845,0.3333333333,0.3333333333,0,0.3333333333,0,0,0,0,0,0,0,0,0,0.1666666667,0,0,0.1666666667,1.918295834,10.84238091,36,0.1845805389,46.34577957,0,0.6329113924,0.08860759494,https://aiolocalexperiment.github.io/aio_pages/full_samples_aio/6f7e2615-33d6-4eb4-89c9-fd00f0fdc0d1.html,FALSE,TRUE,inconsistent bullet points/sentences
IC,69537a7a-8603-4355-b7c6-c0181c80b341,1,"Cortland, NY, has various ""districts"" depending on what you mean: the City of Cortland has 8 Wards for local government, the larger Cortland County has 5 main Public School Districts (like Homer CSD, Marathon CSD, etc.), and it falls within larger State & Federal Legislative Districts (like NY's 22nd Congressional District).
Here's a breakdown:
City Wards (Local Govt): 8 Wards for City Council/Aldermen.
Public School Districts (County Level): Around 5 for the whole county (e.g., Cortland CSD, Homer CSD, etc.).
State Senate/Assembly Districts: Cortland County is part of different state legislative areas.
Congressional District: The area is within New York's 22nd Congressional District.",108,5,40,how many districts are in COUNTYSEAT STATE,geography,objective,numeric,civics,36023,NY,Cortland,Cortland,49336,1,0.2,0,0.6,0,0,0,0,0,0,0.2,0,0,0,0,0,0,1.370950594,10.74507629,77,0.2833230643,44.40970588,0,0.9259259259,0.03703703704,https://aiolocalexperiment.github.io/aio_pages/full_samples_aio/69537a7a-8603-4355-b7c6-c0181c80b341.html,FALSE,TRUE,spacing
IC,ef258a83-de3c-4862-b328-d04631ad56a3,1,"Washington, D.C. has 8 Wards for city government/elections, 7 Police Districts for law enforcement, and numerous Historic Districts (around 70) and neighborhoods (over 130) for planning and cultural identity, so the number depends on what kind of ""district"" you mean.
Key Divisions:
Wards: 8, for representation on the D.C. Council.
Police Districts: 7, for managing police services (MPD).
Historic Districts: Around 70, recognized for preservation.
Neighborhoods: Over 130 distinct areas, often grouped within wards.
In summary: For voting, it's 8; for policing, it's 7; for history, it's many more!.",95,9,40,how many districts are in COUNTYSEAT STATE,geography,objective,numeric,civics,11001,DC,District of Columbia [7],Washington,601723,0.8888888889,0,0,0.5555555556,0,0,0.1111111111,0,0,0,0,0.1111111111,0,0,0,0.1111111111,0.1111111111,1.879964949,13.41813117,98,0.6356362225,42.54096442,0,3.157894737,0,https://aiolocalexperiment.github.io/aio_pages/full_samples_aio/ef258a83-de3c-4862-b328-d04631ad56a3.html,FALSE,TRUE,period after exclamation point
IC,a4792794-e0ff-4caf-9ccc-ee65b71e4ba5,1,"Stanton, KY, as the county seat of Powell County KY, falls within various Kentucky districts, but for local governance, it's part of Powell County's magisterial districts (usually 1-6 for the county), while also being in Kentucky's 6th Congressional District and the Eastern Kentucky Federal Judicial District, with specific school/precincts too.
Here's a breakdown:
Local County Districts: Powell County (where Stanton is) has multiple Magisterial Districts (like 1 through 6), each with an elected official, so Stanton residents live in one of those county-level districts.
Congressional District: Stanton is in Kentucky's 6th Congressional District, represented by Congressman Andy Barr.
Judicial District: It's part of the Eastern District of Kentucky (Federal).
School District: It's within the Powell County Public School system.
So, while there isn't just ""one"" district, Stanton is situated within several, with the specific number depending on whether you mean county, state, federal, or school representation.",157,6,40,how many districts are in COUNTYSEAT STATE,geography,objective,numeric,civics,21197,KY,Powell,Stanton,12613,0.5,0.1666666667,0,0.6666666667,0,0,0,0,0,0,0.1666666667,0,0,0,0,0,0,1.251629167,9.477079667,3,0.1731704558,28.58187215,0,0.6369426752,0,https://aiolocalexperiment.github.io/aio_pages/full_samples_aio/a4792794-e0ff-4caf-9ccc-ee65b71e4ba5.html,FALSE,TRUE,whole paragraph bolded
IC,bc077db3-09b0-4769-ad5a-c17a787caf8c,1,"Virginia Beach currently has 10 local election districts for its City Council and School Board members, in addition to one at-large (city-wide) position for the Mayor. This system is known as the ""10-1"" system.
Key details about the districts:
Purpose: Each district elects its own representative who must live in that specific district.
Voting: Residents only vote for the council member representing their specific district, as well as for the mayoral candidate who is voted on by the entire city.
Implementation: This 10-1 system was established following a federal court ruling in 2021 to ensure fair representation and was used in the 2022 and 2024 elections.
Referendum: A 2025 referendum supported keeping the 10-1 system over a modified 7-3-1 system, which means the 10-1 system will continue to be the standard.
To find out which specific district you live in, you can use the official City of Virginia Beach lookup tool or the Virginia Department of Elections portal.",166,9,40,how many districts are in COUNTYSEAT STATE,geography,objective,numeric,civics,51810,VA,Virginia Beach [9],Virginia Beach,437994,0.8888888889,0.1111111111,0,0.5555555556,0,0,0.2222222222,0,0,0,0.1111111111,0,0,0,0,0,0,1.657742727,13.03258308,87,0.4041547797,42.03259494,0,0,-0.006024096386,https://aiolocalexperiment.github.io/aio_pages/full_samples_aio/bc077db3-09b0-4769-ad5a-c17a787caf8c.html,FALSE,TRUE,
IC,5c478cbd-2b51-4841-8312-ea328afb5c1d,1,"To start a business in Ashland, MS, you'll need to plan, choose a structure, register with MS SOS & county, get an EIN, secure necessary licenses/permits (local zoning/health/tax), set up finances, and potentially hire, with resources available from the MS Secretary of State's one-stop shop and SBA for guidance.
Step 1: Plan & Structure Your Business
Business Plan: Outline your idea, market, and financials.
Business Name: Choose a name and check its availability.
Business Structure: Decide on Sole Proprietorship, LLC, S-Corp, etc..
Registered Agent: Designate someone to receive official notices.
Step 2: Register Your Business
Mississippi Secretary of State (SOS): Register your business entity (like an LLC) online at corp.soss.ms.gov/corp and pay fees.
County/City: Register your business name (DBA) with the county clerk where you operate.
Step 3: Federal & State Requirements
Employer Identification Number (EIN): Get one from the IRS for taxes and employees.
MS Online Account: Create an account on ms.gov for state services.
Tax Registration: Register for state taxes, including sales tax if applicable.
Step 4: Licenses & Permits (Local Focus)
Local Permits: Contact Ashland's city/county clerk or planning department for:
General Business License/Tax Permit.
Zoning Permit (for location/home-based).
Building/Signage Permits if needed.
Health Permits (if food/health-related).
Industry-Specific: Check for federal/state permits for your niche.
Step 5: Financials & Operations
Business Bank Account: Open one to keep finances separate.
Insurance: Secure necessary business insurance.
Key Resources for Ashland, MS
MS Secretary of State: https://www.sos.ms.gov/ (for entity formation & guides).
MS.GOV One-Stop Shop: https://www.ms.gov/sos/onestopshop/Steps (general guidance).
U.S. Small Business Administration (SBA): https://www.sba.gov/district/mississippi/doing-business-mississippi-district (counseling, loans).",295,12,41,how to start a business in COUNTYSEAT STATE,economy,objective,open-ended,economy,28009,MS,Benton,Ashland,8729,0.25,0.08333333333,0,0.25,0,0,0,0,0.5,0,0,0,0,0,0.1666666667,0,0,1.729573959,8.93485034,2,0.1211174416,30.869,0,0,0,https://aiolocalexperiment.github.io/aio_pages/full_samples_aio/5c478cbd-2b51-4841-8312-ea328afb5c1d.html,FALSE,TRUE,spacing between sections
IC,1ec42b02-26e7-4c68-8b2a-96ddddecdb18,1,"To start a business in Graham, TX, develop a solid business plan, pick a legal structure (like LLC or Sole Prop), register your name (DBA if needed at County Clerk), get local permits from the City of Graham, secure funding, and understand state/federal tax/employer rules, using resources from Texas.gov and the Texas Secretary of State for guidance.
Step 1: Plan & Structure
Business Plan: Outline your goals, strategies, and financial projections.
Business Structure: Decide on Sole Proprietorship, Partnership, LLC, or Corporation (LLCs/Corps register with the Texas SOS).
Business Name: Register your name (DBA/Assumed Name) with the local County Clerk's office if different from your legal name.
Step 2: Register & License
State Registration: File formation documents with the Texas Secretary of State for LLCs/Corps.
Local Permits (City of Graham): Check with the city for building permits, sign permits, Certificate of Occupancy, and fire code compliance for commercial spaces.
Federal Taxes: Get an EIN from the IRS and understand federal tax obligations.
Step 3: Finance & Operate
Funding: Explore financing options.
Taxes: Register for state taxes and understand your obligations.
Employer Requirements: Register with Texas Workforce Solutions if hiring.
Professional Advice: Consult an attorney or accountant for legal and tax compliance.
Key Resources for Graham, TX:
City of Graham: Visit their Economic Development page for local requirements.
State of Texas: Use Texas.gov and the Office of the Governor for state-level guidance.",236,8,41,how to start a business in COUNTYSEAT STATE,economy,objective,open-ended,economy,48503,TX,Young,Graham,18550,0.5,0.125,0,0.375,0,0,0,0,0.375,0,0.125,0,0,0,0,0,0,1.811278124,9.796069366,74,0.2358232932,40.53634068,0,0,-0.008474576271,https://aiolocalexperiment.github.io/aio_pages/full_samples_aio/1ec42b02-26e7-4c68-8b2a-96ddddecdb18.html,FALSE,TRUE,spacing between sections
IC,e142401f-c198-45eb-a97a-17be095efbb4,1,"To start a business in Hutchinson, KS, develop a solid plan, choose your legal structure, register with the Kansas Secretary of State (KSOS) online or by mail, get local licenses/permits (check with the Hutchinson Chamber of Commerce or City offices), obtain an EIN, and leverage local support from StartUp Hutch and SCORE Hutchinson for guidance and mentorship. Key steps involve planning, registering, licensing, and understanding local resources.
1. Plan & Research
Define Your Concept & Plan: Outline your business idea, market, and financial needs.
Market Research: Understand your customers and competition in Hutchinson.
SCORE Hutchinson: Get free mentoring and resources from local experts.
2. Legal Structure & Name
Choose a Structure: Decide between Sole Proprietorship, Partnership, LLC, or Corporation.
Pick a Name: Ensure your business name is available through the KSOS.
3. Register Your Business (State Level)
Kansas Secretary of State (KSOS): All LLCs, Corporations, etc., must register.
Online: Fastest way for LLCs, Corporations.
Paper: For other structures or if preferred.
Federal EIN: Get an Employer Identification Number from the IRS if you have employees or are an LLC/Corp.
4. Licenses, Permits & Taxes (Local/State)
City of Hutchinson: Check for specific local occupational licenses or permits needed for your type of business (e.g., food, alcohol, freight).
Kansas Department of Revenue: Register for state taxes (sales tax, etc.).
5. Local Support & Resources
Hutchinson/Reno County Chamber of Commerce: Connect with the local business community.
StartUp Hutch: A community for entrepreneurs in Reno County for networking and support.
Kansas SBDC: Get free help with your business plan.
Quick Checklist:
Business Plan
Business Name & Structure
KS Secretary of State Registration
Federal EIN (if needed)
Local Permits & Licenses
State Tax Registration
Connect with Local Resources",281,12,41,how to start a business in COUNTYSEAT STATE,economy,objective,open-ended,economy,20155,KS,Reno,Hutchinson,64511,0.25,0.08333333333,0,0.4166666667,0,0.08333333333,0,0,0.25,0,0.08333333333,0,0,0,0.08333333333,0,0,2.221251836,11.02992575,76,0.2054897892,37.39775362,0,0,0.01067615658,https://aiolocalexperiment.github.io/aio_pages/full_samples_aio/e142401f-c198-45eb-a97a-17be095efbb4.html,FALSE,TRUE,spacing between sections
IC,67dc9077-199c-417f-a43e-a68fdbe4e381,1,"To start a business in Joliet, IL, you'll need to plan (business plan, structure, name), register with Illinois (Secretary of State, Dept. of Revenue), get federal/state IDs (EIN, Tax ID), and handle Joliet-specific requirements like local registration/licenses (City Clerk/Business Services) and zoning, especially for home-based or specific industries (food, alcohol, etc.), working through state-level formation like LLC/Corp filings first, then local city compliance for permits and registrations.
1. Plan & Structure Your Business
Business Plan: Outline goals, strategies, and market research.
Structure: Decide on Sole Proprietorship, Partnership, LLC, or Corporation.
Name: Choose a unique name and ensure it's available.
2. State-Level Registration (Illinois Secretary of State)
File Articles of Organization (for LLCs): File online at ILSOS.gov (or mail) with name, address, registered agent, etc., paying the $150 fee.
Registered Agent: Appoint someone (or a service) in Illinois to receive legal documents.
3. Federal & State IDs
EIN (Employer ID Number): Get from the IRS for taxes, banking.
Illinois Tax ID (for Sales Tax/Withholding): Register with the Illinois Dept. of Revenue (IDOR) using Form REG-1.
4. Joliet Specific Steps (City of Joliet)
Business Registration: Register with Joliet's Business Services (unless you have a specific license or are home-based under zoning rules).
Business Licenses: Many businesses need city licenses (food, alcohol, etc.) from the City Clerk.
Zoning & Permits: Check Joliet zoning ordinances for your location and type of business (especially if home-based).
Other Permits: Solicitors need permits from the Police Dept.
5. Ongoing Requirements
Annual Reports: File with the state for LLCs.
Taxes: Pay federal, state, and local taxes.
Key Resources:
City of Joliet Business Services: joliet.gov/business.
Illinois Secretary of State: ilsos.gov for state formation.
SBA (Small Business Admin): sba.gov for general guidance.",299,14,41,how to start a business in COUNTYSEAT STATE,economy,objective,open-ended,economy,17197,IL,Will,Joliet,677560,0.3571428571,0.1428571429,0,0.4285714286,0,0,0,0,0.2142857143,0,0,0,0,0,0.2142857143,0,0,1.877387064,13.45661887,75,0.3645855835,37.83018065,0,0,0.006688963211,https://aiolocalexperiment.github.io/aio_pages/full_samples_aio/67dc9077-199c-417f-a43e-a68fdbe4e381.html,FALSE,TRUE,spacing between sections
IC,6fe64db8-20be-479f-af06-d379af8bb6bd,1,"To start a business in Columbia, SC, you'll choose a structure, name it, register with the state (Secretary of State), get an EIN, and then focus on local requirements like securing a City of Columbia business license, which involves zoning/building/fire clearances, and potentially state licenses (DHEC, Retail) or federal IDs, using resources like SC Business One Stop (SCBOS) and City of Columbia Business Licensing as your central guides.
1. Foundational Steps (State/Federal)
Business Plan & Structure: Define your business, structure (LLC, Corp, etc.), and draft a plan.
Name Your Business: Check availability with the SC Secretary of State.
Register Your Entity: File formation documents (like Articles of Organization for an LLC) with the SC Secretary of State online.
EIN & Bank: Get an Employer Identification Number from the IRS and open a business bank account.
2. Local Requirements (City of Columbia)
Jurisdiction Check: Use columbiasc.gov/business, the City's business portal, or the City's business licensing portal to confirm if you're in city limits and find your primary jurisdiction.
Business License Application: Apply online, by mail, or in person at 1339 Main Street, with the City of Columbia Business License division.
Departmental Clearances: Your application will need approvals from Zoning, Building Inspection, and potentially the Fire Marshal or DHEC (Dept. of Health and Environmental Control) for some businesses.
Zoning: Verify your location allows your business type (especially crucial for home-based businesses).
3. State & Other Requirements
SC Business One Stop (SCBOS): A great resource for state requirements like tax registration (Dept. of Revenue), retail licenses, and permits.
Insurance: Obtain necessary business insurance.
Key Resources
SC Business One Stop (SCBOS): Your central state guide.
City of Columbia Business Licensing: For city-specific licenses.
SC Secretary of State: For entity registration.
SBA.gov (SC Resources): For general guidance.",301,9,41,how to start a business in COUNTYSEAT STATE,economy,objective,open-ended,economy,45079,SC,Richland,Columbia,384504,0.6666666667,0,0,0.7777777778,0,0,0,0,0.2222222222,0,0,0,0,0,0,0,0,0.7642045065,12.94496966,77,0.4111678563,36.24752686,0,0.3322259136,0.02325581395,https://aiolocalexperiment.github.io/aio_pages/full_samples_aio/6fe64db8-20be-479f-af06-d379af8bb6bd.html,FALSE,TRUE,spacing between sections
IC,025c8c2c-3f89-420c-ad87-43bc43b73127,1,"Tolls in the Albany, NY area, primarily on the NYS Thruway, vary significantly by distance, entry/exit points, and payment method (NY E-ZPass is cheapest, followed by Non-NY E-ZPass, then Tolls by Mail), with rates calculated per mile, often around 8.6 cents/mile for standard users by 2027, but you need to use the Thruway's calculator for specific trips, like from Albany to Buffalo or NYC.
To find specific toll costs:
Use the Official NYS Thruway Calculator: Go to tollcalculator.thruway.ny.gov/index.aspx?Class=1&Entry=mpax&Exit=m24x.
Enter Your Details: Input your entry/exit points (like from Albany to another city) and vehicle class.
Key Factors Influencing Tolls:
Location: Albany is on the I-90 corridor of the NYS Thruway, connecting to other parts of NY.
Payment Method: NY E-ZPass offers the best rates; non-NY E-ZPass and Tolls by Mail are more expensive.
Distance: Longer trips cost more; rates are often around 8.6 cents per mile (non-NY E-ZPass/Tolls by Mail) by 2027.
Example Tolls (Illustrative, check calculator for exacts):
A short segment on the Thruway might be under $1, while longer trips towards Buffalo or NYC will be much higher, with increasing rates planned.",210,3,42,how much are tolls in COUNTYSEAT STATE,transportation,mixed,numeric,transportation,36001,NY,Albany,Albany,304204,0.6666666667,0.3333333333,0,0.6666666667,0,0,0,0,0,0,0,0,0,0,0,0,0,0.9182958341,12.66151452,88,0.4515350218,45.65896175,0,2.380952381,0.01904761905,https://aiolocalexperiment.github.io/aio_pages/full_samples_aio/025c8c2c-3f89-420c-ad87-43bc43b73127.html,FALSE,TRUE,spacing
IC,ee602c10-58ce-4add-acb4-ef369e5c2dee,1,"There are no toll roads in or around Lebanon, Indiana, so there are currently no tolls to pay when driving in that immediate area.
The primary toll roads in Indiana are located in the northern part of the state: the Indiana Toll Road (I-80/I-90) and the Cline Avenue Bridge in East Chicago.
To check tolls for a specific route in Indiana, you can use the official Indiana Toll Road calculator by entering your specific origin and destination. Toll rates vary based on vehicle type and distance traveled.",90,8,42,how much are tolls in COUNTYSEAT STATE,transportation,mixed,numeric,transportation,18011,IN,Boone,Lebanon,56640,0.125,0.25,0,0.125,0,0.125,0,0,0.375,0,0,0,0,0,0,0.125,0,2.155639062,11.19584204,76,0.5048679579,45.70357759,0,1.111111111,-0.04444444444,https://aiolocalexperiment.github.io/aio_pages/full_samples_aio/ee602c10-58ce-4add-acb4-ef369e5c2dee.html,FALSE,TRUE,no bolding 
IC,c36cfadb-fbf0-41f0-913a-e53ca0b39cfc,1,"You won't find tolls in Natchez, Mississippi, as major Mississippi highways, including US-61 which runs through Natchez, are toll-free; tolls are generally absent in the area, with historical toll plazas long gone, so you're looking at $0 for local travel unless you cross into Louisiana via the bridge, which used to have a toll but now doesn't, making most of the region a toll-free zone for daily driving.
Key Points:
Mississippi is Mostly Toll-Free: The state's major interstates (I-55, I-20, I-10) and highways (like US-61 through Natchez) do not have tolls.
Historical Context: There was a toll booth for the Mississippi River bridge near Natchez (part of the historic welcome center area), but it's a relic from the past, not an active charge.
Check for Specific Bridges (Rare): While unlikely within Natchez itself, if you're crossing into Louisiana or another state via a specific bridge or causeway, always check online using a toll calculator like TollGuru or Tollsmart for any potential charges, but generally, expect $0 for the area.
In short: Driving around Natchez and Mississippi is free of tolls.",194,4,42,how much are tolls in COUNTYSEAT STATE,transportation,mixed,numeric,transportation,28001,MS,Adams,Natchez,32297,0,0.75,0,0,0,0,0,0,0,0,0,0,0,0,0.25,0,0,0.8112781245,10.27842472,10,0.1930420234,33.525,0.5154639175,1.546391753,0.005154639175,https://aiolocalexperiment.github.io/aio_pages/full_samples_aio/c36cfadb-fbf0-41f0-913a-e53ca0b39cfc.html,FALSE,TRUE,capitalization in last sentence (check raw data)
IC,d33a0b73-1f35-4fbe-87a4-9d323ae37a70,1,"Tolls in the Utica, NY area primarily involve the New York State Thruway (I-90) system, with costs varying by distance and whether you use NY E-ZPass (cheaper) or Tolls By Mail/Non-NY E-ZPass, calculated per mile (around 4.9¢/mile for NY E-ZPass in 2027 vs. higher for others) or by specific exits, with rates changing periodically. To get exact costs, use the NYS Thruway Toll Calculator with your entry/exit points, as it provides real-time rates for different payment methods.
How to Find Your Specific Toll Cost
Use the NYS Thruway Calculator: tollcalculator.thruway.ny.gov.
Enter Details: Input your entry and exit exits (e.g., Exit 31 for Utica area).
Choose Payment: Select your payment method (NY E-ZPass, Non-NY E-ZPass, Tolls By Mail) to see rates.
General Toll Information
Toll Increases: The NYS Thruway Authority implemented phased toll increases, with rates for NY E-ZPass users increasing to around 4.9 cents per mile in 2027, while non-NY E-ZPass and Tolls By Mail pay more.
Variable Rates: A short trip might cost under a dollar, while longer trips can cost several dollars, depending on distance.
For example, a trip from Exit 39 to Exit 44 on the Thruway costs about $2.70 with NY E-ZPass, but over $4.70 with Tolls By Mail.",227,3,42,how much are tolls in COUNTYSEAT STATE,transportation,mixed,numeric,transportation,36065,NY,Oneida,Utica,234878,0.6666666667,0.3333333333,0,0.3333333333,0,0,0.3333333333,0,0,0,0,0,0,0,0,0,0,1.584962501,12.34428992,63,0.277502216,57.09089901,0,1.321585903,0.004405286344,https://aiolocalexperiment.github.io/aio_pages/full_samples_aio/d33a0b73-1f35-4fbe-87a4-9d323ae37a70.html,FALSE,TRUE,inconsistent spacing 
IC,9f4314e9-ea98-4c96-a764-a946542c285f,1,"Carrollton, IL, is generally considered a safe, quiet, small town with low crime, popular for its family-friendly, community feel, though some residents express concerns about local policing effectiveness, balancing the typical small-town charm with isolated negative experiences. Its low crime score (1 out of 10 on CAP Index) suggests it's safer than average nationally, offering a peaceful, rustic lifestyle with friendly neighbors, but it's essential to note mixed resident reviews, as seen on Niche.com.
Key Points on Safety:
Low Crime: Homes.com highlights a very low crime score, indicating low risk compared to national averages.
Community Focus: Residents describe it as a supportive, family-oriented town where everyone knows each other.
Mixed Resident Views: While many praise its safety for families and friendly atmosphere, one review on Niche mentioned specific concerns about police enforcement, though this contrasts with the general low-crime narrative.
Overall Impression:Carrollton offers the quintessential small-town safety and community spirit, making it a comfortable place for families, but like any town, experiences can vary, and residents have differing opinions on local services.",182,4,43,how safe is COUNTYSEAT STATE,safety,mixed,open-ended,safety,17061,IL,Greene,Carrollton,13886,0.25,0.25,0,0,0,0.25,0,0,0,0,0,0,0,0.5,0,0,0,1.5,9.378985498,32,0.1633112269,23.02406977,0,1.648351648,0.01098901099,https://aiolocalexperiment.github.io/aio_pages/full_samples_aio/9f4314e9-ea98-4c96-a764-a946542c285f.html,FALSE,TRUE,no space in last sentence
IC,39820842-824f-4ce9-8c30-f50045e0b61b,1,"Cherokee, OK, shows mixed safety signals: its county (Cherokee County) has seen significant crime reductions, making it feel safer, with property crime dropping sharply, yet specific data for the town itself suggests an overall higher crime rate than national averages, particularly in violent crime, though property crime is lower than the US average. The area is generally seen as improving, with a strong community focus, but residents should be aware of ongoing fraud schemes and compare local crime stats with broader trends.
Positive Indicators (Improving Trends)
Decreasing Crime: Cherokee County experienced a 35% drop in total crime from 2017-2023, with property crimes down significantly (around 64%).
Local Improvement: This trend suggests a safer community, with residents feeling more secure.
Strong Public Services: The town emphasizes safety, education, and emergency response, notes www.alfalfacountybuzz.com.
Areas for Caution
Higher Crime Rates: Despite county improvements, some data shows Cherokee town's overall crime rate (39.2) above the national average (33.37), with violent crime (22.49) also elevated compared to the US (13.84).
Property Crime: While better than the state average, property crime in the town (16.71) is slightly below the national average (19.53).
Fraud Awareness: The local police have warned about online scams using local business names, so vigilance is needed.
Overall PictureCherokee is likely becoming safer, especially when looking at county-wide trends from the OSBI and FBI, but specific town statistics indicate a higher risk profile than national figures, particularly for violent crime. It's safer than the state average but less safe than the U.S. average, with ongoing efforts to improve.",269,5,43,how safe is COUNTYSEAT STATE,safety,mixed,open-ended,safety,40003,OK,Alfalfa,Cherokee,5642,0.2,0.2,0,0,0,0,0,0,0,0,0,0,0,0,0.6,0.2,0,1.370950594,8.645586406,59,0.2070474436,36.50530208,0.3717472119,2.602230483,0.01858736059,https://aiolocalexperiment.github.io/aio_pages/full_samples_aio/39820842-824f-4ce9-8c30-f50045e0b61b.html,FALSE,TRUE,whole last paragraph is bolded
IC,a36363ce-bbba-4076-b532-1fe45ed0e29f,1,"Savannah, Georgia, is generally safe for tourists, especially in popular areas like the Historic District, but crime rates are higher than the national average, with property crime (like car break-ins) being common; visitors should use standard city precautions, stick to well-lit areas at night, be aware of their surroundings, and avoid walking alone in deserted spots, as crime is concentrated in specific neighborhoods and can be higher late at night, especially around the River Street area.
Safety Overview
Overall Crime:: Higher than national average, but better than some other large GA cities like Atlanta or Macon, with recent data showing decreases in violent crime but stable property crime.
Main Issues:: Petty theft, car break-ins (often due to items left visible), and property crime are more prevalent than violent crime.
Neighborhood Variation:: Crime is concentrated; some areas (e.g., West Savannah, Cann Park) have higher rates, while others (e.g., Midtown, Hillcrest, Berwick) are safer.
Tips for Visitors
Be Aware:: Always use common sense, especially in tourist areas like River Street and around Forsyth Park.
Nighttime:: Stick to main streets, use pedicabs/taxis if nervous, and avoid dark, secluded squares or alleys.
Parking:: Lock your car, don't leave valuables visible, as ""entering auto"" crimes are frequent.
River Street:: Use the elevator for safer access if mobility is an issue, as cobblestone steps and traffic can be hazardous.
Stay Informed:: Research specific blocks if staying in the Historic District, and consider safer surrounding areas like Pooler or Richmond Hill if moving there.",254,13,43,how safe is COUNTYSEAT STATE,safety,mixed,open-ended,safety,13051,GA,Chatham,Savannah,265128,0.2307692308,0.07692307692,0,0,0,0.07692307692,0,0,0.2307692308,0,0.07692307692,0,0,0.07692307692,0.3076923077,0.1538461538,0,2.565448372,12.60532852,74,0.3675391491,39.50436511,0,3.149606299,0.003937007874,https://aiolocalexperiment.github.io/aio_pages/full_samples_aio/a36363ce-bbba-4076-b532-1fe45ed0e29f.html,FALSE,TRUE,double colons
IC,bec0a2b1-14b4-4de6-8743-4b83d2032451,1,"Bland, VA, is generally considered a safe, peaceful, rural community with a strong, friendly, close-knit vibe and beautiful scenery, but like any place, opinions vary, with some noting poverty and occasional petty crime, though overall public safety metrics for the county are decent, ranking well for things like lowest cost of living and good for retirees in Virginia.
Positive Safety Aspects:
Community Feel: Described as having a strong community spirit, friendly people, and quiet streets, making it good for families.
Rural & Peaceful: Known for its tranquility, slow pace, and outdoor beauty.
Good Rankings: Bland County ranks well in Virginia for low cost of living and is a good place for retirees, according to Niche.
Points to Consider:
Varying Resident Experiences: While many love the safety, one former resident mentioned issues with poverty and occasional requests for money, leading to some perceived safety concerns, though this contrasts with the generally positive community reviews.
Public Safety Metrics: U.S. News ranks Bland County's Public Safety at 59 out of 100, suggesting it's around average for health metrics, while its overall ""Best Places to Live"" rank is in the middle nationally.
In Summary:Bland offers a very safe, small-town, rural environment with a strong community, but it's important to understand it's not immune to broader societal challenges, though serious violent crime isn't highlighted as a primary issue in the provided snippets.",235,5,43,how safe is COUNTYSEAT STATE,safety,mixed,open-ended,safety,51021,VA,Bland,Bland,6824,0,0,0,0,0,0,0,0,0,0.2,0,0,0,0.6,0.2,0,0,1.370950594,8.734077193,16,0.1544440016,29.92408186,0.4255319149,2.127659574,0.008510638298,https://aiolocalexperiment.github.io/aio_pages/full_samples_aio/bec0a2b1-14b4-4de6-8743-4b83d2032451.html,FALSE,TRUE,spacing
IC,e2bcba9e-ee96-4fc0-ad9f-71b72db121b1,1,"Crime in Jamestown, ND, is generally considered higher than the national average, especially compared to similar-sized towns, with property crime being a significant factor, though violent crime rates are also noted as being above the state average; it ranks around the middle for overall crime in ND cities but has elevated violent crime compared to state averages, making it less safe than places like West Fargo or Minot but better than Fargo or Bismarck in some metrics, according to various analyses.
Key Crime Statistics & Comparisons
Higher Than Average: Jamestown's crime rate (violent & property) is higher than most U.S. communities and significantly higher than 90% of North Dakota cities, especially when compared to cities of similar population, says NeighborhoodScout.
Violent vs. Property: While property crime is comparable to the state average, IDcide notes that violent crime levels tend to be much higher than North Dakota's average.
City Rankings (2021 Data): In a comparison of ND cities, Jamestown had a total crime rate of 24.78 per 1,000 people, placing it lower (higher crime) than West Fargo and Minot but better than Grand Forks, Bismarck, and Fargo, notes Alarms.org.
Specific Concerns: Sand Law ND mentions common criminal activities include violent crimes, theft, and sexual assault.
In SummaryWhile Jamestown offers attractions like its famous buffalo, its crime statistics suggest it's not one of America's safest communities, with elevated violent crime and higher overall rates than many North Dakota peers, requiring residents to be mindful of criminal activity.",252,4,44,COUNTYSEAT STATE how bad is crime,safety,mixed,open-ended,safety,38093,ND,Stutsman,Jamestown,21100,0.5,0.5,0,0,0,0.25,0,0,0,0,0,0,0,0,0,0.25,0,1.5,9.976970329,40,0.2442588727,23.86363426,0.7936507937,1.984126984,0.003968253968,https://aiolocalexperiment.github.io/aio_pages/full_samples_aio/e2bcba9e-ee96-4fc0-ad9f-71b72db121b1.html,FALSE,TRUE,last sentence no space
IC,693579ee-e313-4e3f-adcb-60cf50fe4edb,1,"Austin's crime is a mixed bag: violent crime is generally lower than larger US cities, but property crime, especially car break-ins, is a significant concern, with overall crime rates often above the national average, though varying by neighborhood and data source. While some areas are very safe, like North Austin's Allandale, other parts see higher incidents, with recent trends showing decreases in violent crime but increases in vehicle theft.
Key Takeaways:
Violent Crime: Lower than the national average for large cities, with rates generally decreasing or stable.
Property Crime: A bigger issue, with high rates of car break-ins and porch thefts, making it a major local safety concern.
Overall Rate: Higher than the national average, often cited as having a higher crime rate than most Texas communities but safer than bigger cities like Houston/Dallas.
Neighborhoods Matter: Safety varies significantly; some areas are very quiet, while others, especially downtown, require awareness.
Recent Trends:
From 2022-2023, Austin saw a drop in violent crime and overall property crime.
However, motor vehicle theft surged, increasing significantly.
In Summary:Austin isn't overwhelmingly dangerous, but visitors and residents should be cautious, especially regarding property crime like car theft, and stay aware in busy areas, while noting that many areas are quite safe and pleasant.",215,6,44,COUNTYSEAT STATE how bad is crime,safety,mixed,open-ended,safety,48453,TX,Travis,Austin,1024266,0.1666666667,0.3333333333,0,0.1666666667,0,0,0,0,0.1666666667,0,0,0,0,0,0.3333333333,0,0,1.918295834,14.08372307,68,0.5551476844,31.86391304,0,2.790697674,0.01395348837,https://aiolocalexperiment.github.io/aio_pages/full_samples_aio/693579ee-e313-4e3f-adcb-60cf50fe4edb.html,FALSE,TRUE,spacing
IC,5683a5e7-556e-4362-8600-8111c5852140,1,"Bayboro, NC tap water, supplied by Pamlico County Water, generally meets federal health standards, with recent reports showing compliance and no EPA violations for contaminants like lead, but local testing has sometimes found issues with ""forever chemicals"" (PFAS) and TTHMs (Total Trihalomethanes) exceeding proposed guidelines, so flushing your tap and checking the latest Consumer Confidence Report is always a good idea for peace of mind, especially given evolving EPA rules.
Key Points:
Compliance: The system is generally compliant with federal health standards, with recent reports showing no violations.
Source: Water comes from the Castle-Hayne aquifer (groundwater).
Contaminants:
PFAS: Investigations have noted ""forever chemicals"" (PFAS) in NC water, sometimes above proposed federal limits, even if currently meeting older standards; blending helps, but levels can vary.
TTHMs: Some areas show Total Trihalomethanes above proposed guidelines, linked to disinfection byproducts.
Lead: While the county isn't the source, lead can leach from home plumbing; flushing your tap helps.
Actionable Advice:
Flush Your Tap: Run water for 30 seconds to 2 minutes before drinking or cooking to clear lead/stale water.
Check Reports: Review the annual Pamlico County Consumer Confidence Report (CCR) on the county website for specific data for Bayboro.
Consider Filtration: For concerns about emerging contaminants like PFAS, a quality water filter might provide extra assurance.
In summary, Bayboro's tap water is regulated and generally meets current standards, but be aware of ongoing concerns with emerging contaminants and always flush your tap before use.",244,8,46,how clean is tap water COUNTYSEAT STATE,health,objective,open-ended,health,37137,NC,Pamlico,Bayboro,13144,0.375,0.125,0,0.25,0,0,0.25,0,0,0,0.25,0,0,0,0.125,0,0,2.25,9.418573311,66,0.2537678208,29.8425,0,2.868852459,0.01229508197,https://aiolocalexperiment.github.io/aio_pages/full_samples_aio/5683a5e7-556e-4362-8600-8111c5852140.html,FALSE,TRUE,inconsistent spacing
IC,7a52232b-cc6e-4b64-9bff-2a5f973941c4,1,"Wilmington, NC tap water generally meets EPA safety standards, but historically faced issues with industrial chemicals like GenX (PFAS), leading many residents to use filters for taste, smell (chlorine), or extra peace of mind, especially concerning residual PFAS and disinfection byproducts; while the utility works to improve quality with new systems, some past contamination concerns linger, prompting residents to remain cautious.
Official Status
Meets Standards: The Cape Fear Public Utility Authority (CFPUA) (which serves Wilmington) reports that its water meets or exceeds U.S. EPA safety and quality standards.
PFAS: Past detections of GenX (a type of PFAS) led to significant upgrades, but smaller PFAS compounds were still found in residents' blood in a 2025 study, indicating long-term exposure, though levels are being monitored.
Common Concerns & What to Do
Taste/Smell: Chlorine and disinfection byproducts (like Haloacetic Acids) can give water a distinct taste/smell, though they remain within federal limits.
PFAS/Contaminants: Despite improvements, some residents prefer filtering due to past issues and the presence of various chemicals, as federal limits for some newer PFAS are still developing.
Lead: Older homes might have lead pipes or fixtures; testing your home's water is crucial if it was built before 1986.
Summary for Residents
It's Federally Safe: Official reports confirm compliance with federal health standards.
Filtering is Common: Many use filters (pitcher, faucet, or whole-house) to improve taste, remove chlorine, and get added protection against residual contaminants like PFAS.
Stay Informed: Check the latest annual water quality report from CFPUA and consult the Environmental Working Group (EWG) for detailed data.",263,9,46,how clean is tap water COUNTYSEAT STATE,health,objective,open-ended,health,37129,NC,New Hanover,Wilmington,202667,0.3333333333,0.1111111111,0,0.1111111111,0,0.2222222222,0.1111111111,0,0,0,0.2222222222,0,0,0,0.2222222222,0,0,2.503258335,12.35109897,90,0.4476682844,29.99955882,0,1.901140684,0.007604562738,https://aiolocalexperiment.github.io/aio_pages/full_samples_aio/7a52232b-cc6e-4b64-9bff-2a5f973941c4.html,FALSE,TRUE,spacing
IC,72d5409c-0405-4409-9d81-2e076f22cb74,1,"Clintwood, VA's tap water generally meets federal standards, but recent issues like a boil water notice in October 2025 show temporary disruptions, and reports highlight concerns about contaminants like lead in home plumbing and potential mining-related selenium levels in the region, so checking the Town's annual reports and being cautious with older pipes is recommended for the cleanest water.
What the Reports Say:
EWG (Environmental Working Group): Shows compliance with federal health standards in recent EPA assessments (April-June 2024) for the Town of Clintwood utility.
Town of Clintwood: Provides annual water quality reports (CCR) on their website, detailing testing results for contaminants like lead, which can come from your own pipes, not just the source.
Key Considerations:
Lead in Your Home: The town can't control your plumbing; if you have older pipes, flushing your tap for 30 seconds to 2 minutes before use minimizes lead exposure.
Local Environmental Factors: The broader region faces issues like selenium discharge from mining, which can impact water quality, though the town's treatment aims to meet standards.
Temporary Advisories: Boil water notices, like one issued in October 2025, can occur, so stay updated through the town's official channels.
How to Get the Latest Info:
Visit the Town of Clintwood Water page for the newest reports and alerts.",219,6,46,how clean is tap water COUNTYSEAT STATE,health,objective,open-ended,health,51051,VA,Dickenson,Clintwood,15903,0.6666666667,0,0,0.3333333333,0,0,0.1666666667,0,0,0,0.1666666667,0.1666666667,0,0,0.1666666667,0,0,2.251629167,9.541081934,17,0.1072015466,33.23273585,0.9132420091,0.4566210046,0.01826484018,https://aiolocalexperiment.github.io/aio_pages/full_samples_aio/72d5409c-0405-4409-9d81-2e076f22cb74.html,FALSE,TRUE,spacing for last sentence
IC,5f826c8c-df86-4eaa-b89c-8a15ba62b09b,1,"Tap water in Warren, OH, generally meets safety standards, but reports show occasional minor compliance issues (like late reporting) and detected disinfection byproducts (DBPs) that exceed health guidelines, though within EPA limits; it's recommended to check the latest City of Warren Consumer Confidence Report for specifics on contaminants like PFAS and DBPs, as testing is ongoing.
What the Reports Say:
City of Warren (Trumbull County):
Tests for PFAS found no detection in 2020, but monitoring continues under new federal rules.
A 2023 report noted a failure to report corrosion control indicator results on time to Ohio EPA, a procedural issue not impacting immediate safety but requiring future compliance.
The water source is the Mosquito Creek Reservoir, and the system treats it to meet standards.
Warren County (Southwest Ohio): (Note: This is a different system, but often confused)
This system provides water that meets or exceeds all EPA/Ohio EPA standards, adding a softening process in 2022 and working on corrosion control.
Key Considerations:
Disinfection Byproducts (DBPs): The City of Warren system has detected DBPs like Trichloroacetic acid, which, while within EPA limits, exceed stricter health guidelines from organizations like the EWG.
PFAS: The city is actively testing for PFAS, with initial results showing no detection, but this is an evolving area of testing.
Lead: The City of Warren water system doesn't have lead service lines, but older homes might, so checking your home's lines is crucial.
How to Get the Latest Info:
Download the Annual Report: Visit the City of Warren's Water Department annual report page for the most current Consumer Confidence Report (CCR).
In summary, Warren's water is regulated and generally safe, but the presence of some DBPs and ongoing PFAS testing means consulting the latest official reports is best for detailed information.",299,10,46,how clean is tap water COUNTYSEAT STATE,health,objective,open-ended,health,39155,OH,Trumbull,Warren,210312,0.5,0.1,0,0.6,0,0,0,0,0,0,0.3,0,0,0,0,0,0,1.295461844,12.21288439,32,0.2029348827,30.41700171,0.3344481605,1.672240803,0.01672240803,https://aiolocalexperiment.github.io/aio_pages/full_samples_aio/5f826c8c-df86-4eaa-b89c-8a15ba62b09b.html,FALSE,TRUE,too much space
IC,696eafbf-62dd-4ffb-8f64-f23b7ba94b9e,1,"Distance to New London
You are currently in New London, CT.
Distances to nearby cities",15,7,47,how far is COUNTYSEAT STATE,geography,objective,numeric,environment,9011,CT,New London [6],New London,274055,0.2857142857,0.7142857143,0,0,0,0,0,0,0,0,0,0,0,0,0,0.2857142857,0,0.8631205686,,,,63.8625,0,0,0,https://aiolocalexperiment.github.io/aio_pages/full_samples_aio/696eafbf-62dd-4ffb-8f64-f23b7ba94b9e.html,FALSE,FALSE,check retrieval
IC,ebd45e3a-fe44-495e-a91c-47e4512ef782,1,"Sweetwater, TX, is located in West Texas, about halfway between El Paso and Shreveport on I-20, roughly 40 miles west of Abilene, 130 miles from Odessa, and 190 miles west of Fort Worth, making it a central hub for wind power in the region.
Key Distances from Sweetwater, TX:
From Abilene: ~40 miles (West)
From Fort Worth: ~190 miles (West)
From Lubbock: ~125 miles (Southeast)
From Odessa: ~130 miles (East)
From San Angelo: ~75 miles (North)
Location:
It's the county seat of Nolan County.
Situated on Interstate 20 (I-20).
To get the distance from your specific location, you can use online map services like MapQuest or Rome2Rio, which provide directions and travel times.",116,6,47,how far is COUNTYSEAT STATE,geography,objective,numeric,environment,48353,TX,Nolan,Sweetwater,15216,0.1666666667,0.5,0,0,0,0,0,0,0,0,0,0,0,0.1666666667,0,0.1666666667,0.1666666667,1.79248125,9.586376669,10,0.1372078464,53.88160398,0,0,0.008620689655,https://aiolocalexperiment.github.io/aio_pages/full_samples_aio/ebd45e3a-fe44-495e-a91c-47e4512ef782.html,FALSE,TRUE,spacing
IC,8f488f66-9c40-48a2-903e-4136c66d66c6,1,"Escanaba, MI, is located in Michigan's Upper Peninsula, along the Lake Michigan shoreline, and its distance depends on your starting point; for example, from ""Michigan"" (general state), it's about 327 miles directly or 432 miles driving, but it's a major city in the U.P. with its own airport (ESC) and access to the Great Lakes, known for outdoor recreation.
Key Distances & Locations:
From Detroit (SE Michigan): Roughly 400-500 miles, often a 7-8+ hour drive.
From Grand Rapids: A significant drive north, around 350-400 miles.
From Marquette (Another U.P. City): About 45 miles west.
From Green Bay, WI: Around 100 miles across the bay.
To Get Specifics:To find out exactly how far it is for you, use a mapping service like Google Maps or MapQuest and input your starting address and ""Escanaba, MI"".
What to Expect:Escanaba offers waterfront views, maritime history, and access to parks and outdoor activities, making it a hub for the surrounding area.",165,5,47,how far is COUNTYSEAT STATE,geography,objective,numeric,environment,26041,MI,Delta,Escanaba,37069,0.2,0.6,0,0,0,0,0,0,0,0.2,0,0,0,0,0,0.2,0,1.370950594,10.51404086,54,0.200176205,55.08605735,0,1.818181818,-0.006060606061,https://aiolocalexperiment.github.io/aio_pages/full_samples_aio/8f488f66-9c40-48a2-903e-4136c66d66c6.html,FALSE,TRUE,bolded paragraph
IC,38093a00-699a-4bd4-81db-d05caf8572e9,1,"While ""best"" is subjective, St. Mary's School in Medford is highly ranked and often cited as Southern Oregon's premier private school, known for college prep (APs, STEM), a diverse community, and strong college acceptance, while Grace Cascade Christian Schools and Sacred Heart Catholic School are also top choices, offering Christ-centered education for various ages, according to Niche and Private School Review.
Top-Rated Options
St. Mary's School (Grades 5-12): A Catholic college prep school with strong STEM, APs, and a focus on global leadership, often ranked #1 in Southern Oregon by Niche and Private School Review.
Grace Cascade Christian Schools (PK-12): Offers a Christ-centered environment with a focus on character development and academics, well-regarded in the community.
Sacred Heart Catholic School (PK-8): Follows the Archdiocese curriculum and is praised by parents for its strong education in the region, notes Private School Review and The Southern Oregon Mom.
Other Notable Private Schools
Rogue Valley Adventist Academy (K-12)
The Valley School of Southern Oregon (Montessori-inspired)
Medford Montessori School
How to ChooseConsider factors like religious affiliation, specific programs (STEM, arts, sports), grade levels, and community feel when deciding which is ""best"" for your family.",202,12,48,what is the best private school in COUNTYSEAT STATE,education,mixed,open-ended,education,41029,OR,Jackson,Medford,203206,0.4166666667,0.4166666667,0.25,0,0,0,0.08333333333,0,0,0,0,0.08333333333,0,0.1666666667,0,0,0,2.054585169,12.31296549,81,0.3058352104,32.79342105,0.9900990099,0.9900990099,-0.009900990099,https://aiolocalexperiment.github.io/aio_pages/full_samples_aio/38093a00-699a-4bd4-81db-d05caf8572e9.html,FALSE,TRUE,bolded paragraph
IC,8b4f0fe2-3e15-440f-aaad-395d1fe40d0f,1,"There's no single ""best"" private school in San Antonio, as it depends on family needs, but top contenders frequently cited by rankings and locals include Keystone School, Saint Mary's Hall, TMI Episcopal, and San Antonio Christian School, offering strong academics, diverse environments (co-ed/single-sex), religious affiliations, and varying focuses from college prep to specialized learning.
Top-Ranked & Popular Choices:
Other Highly-Regarded Options:
San Antonio Academy of Texas: A private boys' school with a long history.
The Christian School at Castle Hills: Provides a Christian worldview education from preschool through high school.
The Winston School of San Antonio: Focuses on students with learning differences, offering individualized support.
How to Choose:Consider visiting schools, looking at their religious affiliations (Episcopal, Christian), co-ed vs. single-sex, college prep focus, arts/sports offerings, and student support systems (like for learning differences at Winston) to find the best fit for your child.",153,9,48,what is the best private school in COUNTYSEAT STATE,education,mixed,open-ended,education,48029,TX,Bexar,San Antonio,1714773,0.7777777778,0.1111111111,0.5555555556,0,0,0,0.1111111111,0,0,0,0,0,0,0.2222222222,0,0,0,1.657742727,14.52715756,36,0.3153964555,20.16685446,0,0,0.01960784314,https://aiolocalexperiment.github.io/aio_pages/full_samples_aio/8b4f0fe2-3e15-440f-aaad-395d1fe40d0f.html,FALSE,TRUE,bolded paragraph
IC,2e7c22b2-e411-4aad-bb05-4d70aa307ed7,1,"While ""best"" is subjective, Sacred Heart Catholic School stands out in El Reno for its strong Catholic community, high parent ratings (5/5 stars on Niche), focus on faith & academics, and family feel, serving PK-6; for older students, nearby Yukon offers options like King's Gate Christian or Southwest Covenant, and the broader OKC area has top schools like Casady School or Cascia Hall, but Sacred Heart seems best within El Reno itself.
In El Reno:
Sacred Heart Catholic School: A well-regarded PK-6 Catholic school highly praised by parents for integrating faith, academics, and a strong community atmosphere, earning top ratings on Niche.
Nearby Options (Canadian County):
King's Gate Christian School (Yukon): PK-12, highly rated (4.68/5).
Southwest Covenant Schools (Yukon): PK-12, also well-regarded (4.5/5).
St. John Nepomuk Catholic School (Yukon): PK-8, Christ-centered education.
Key Factors to Consider:
Age Group: Sacred Heart is elementary; you'll need to look to nearby towns for middle/high school options.
Religious Affiliation: Most private schools in the area have a religious focus (Catholic, Christian).
Community & Academics: Parents highlight Sacred Heart's nurturing environment and academic rigor.
Ultimately, visiting the schools and seeing which aligns best with your family's values and educational goals is the best approach, but Sacred Heart is the top-rated choice directly within El Reno.",228,8,48,what is the best private school in COUNTYSEAT STATE,education,mixed,open-ended,education,40017,OK,Canadian,El Reno,115541,0.125,0.5,0,0,0,0,0,0,0,0,0,0,0,0.375,0,0.125,0,1.405639062,11.99917762,78,0.3175465767,37.76760684,0,0.4385964912,0.01754385965,https://aiolocalexperiment.github.io/aio_pages/full_samples_aio/2e7c22b2-e411-4aad-bb05-4d70aa307ed7.html,FALSE,TRUE,spacing between paragraphs
IC,d8bb0c4e-5500-494f-a578-d901c3a8fd9b,1,"The ""most dangerous"" part of Lancaster, PA depends on the type of danger, with some areas facing higher violent crime (often around the city center/SE side according to community perception), while specific intersections like Prospect Rd & Fairview Rd (highest crash rate) or Lititz Pike & Chester Rd (most total crashes) are dangerous for driving in the County. Overall, Lancaster City has higher crime than the national average, with varied safety across neighborhoods, but the SE quarter is generally considered the least improved, while NW (Chestnut Hill) is seen as the nicest/safest, says a Reddit user.
For Driving (Lancaster County):
Prospect Rd & Fairview Rd (West Hempfield Twp): Highest crash rate in the County (2020-2024).
Lititz Pike (Rte 501) & Chester Rd (Manheim Twp): Most total crashes (2020-2024).
Lancaster Rd (Rte 72) & Lititz Rd: Noted for multiple fatalities.
For Crime/Safety (Lancaster City):
General: Lancaster City experiences higher property and violent crime than many areas, with a higher chance of being a victim than the national average, notes NeighborhoodScout.
Neighborhoods (Community Perception):
NW Quarter (Chestnut Hill): Generally seen as the ""nicest,"" cleanest, and safest (though isolated incidents like shootings can occur).
SE Quarter: Often viewed as the least renovated/most challenged area, with the highest crime density.
NE & SW: Intermediate areas with mixed conditions.
In Summary: Safety varies block by block, but the SE part of Lancaster City faces more challenges, while specific intersections (Prospect/Fairview, Lititz/Chester) are notorious for traffic accidents.",243,7,49,what is the most dangerous part of COUNTYSEAT STATE,safety,mixed,open-ended,safety,42071,PA,Lancaster,Lancaster,519445,0.4285714286,0.2857142857,0,0,0,0,0.2857142857,0,0.1428571429,0,0,0,0,0,0.2857142857,0,0,1.950212065,13.22699543,63,0.3097516012,31.4225,1.234567901,2.469135802,0.02880658436,https://aiolocalexperiment.github.io/aio_pages/full_samples_aio/d8bb0c4e-5500-494f-a578-d901c3a8fd9b.html,FALSE,TRUE,bolding and spacing
IC,e18de170-a741-497f-9084-af6d6be9dcf5,1,"While St. Paul is generally safer than Minneapolis, areas like Frogtown (Summit-University) and parts of the North End, along with the Lower East Side, often see higher rates of crime, especially property crimes and drug-related issues, though safety can vary block-by-block, with areas south of Maryland (like near Oakland Cemetery) sometimes considered dicey. Always check current crime maps and be situationally aware, as crime happens everywhere, but these spots have historically higher activity.
Areas with Higher Reported Crime:
Frogtown (Summit-University): Known for higher risks of robbery, assault, and drug offenses.
North End: Experiences property crimes (thefts, burglaries) and some violent incidents; diverse but can have quality-of-life issues.
Lower East Side / Dayton's Bluff: Also cited for property crimes, thefts, and occasional violent crime.
Key Considerations:
Block-by-Block Variation: St. Paul's crime isn't uniform; some streets are safer than others even within high-risk areas.
Property vs. Violent Crime: Many areas see more property crime (theft, burglary) than severe violent crime.
Resources: Consult online crime maps (like those from GIS Geography or NeighborhoodScout) for real-time data.
Safety Tip: Be aware of your surroundings, secure your property (don't leave things outside), and know that even in areas with higher crime, many residents live there without issues, according to Reddit users.",220,4,49,what is the most dangerous part of COUNTYSEAT STATE,safety,mixed,open-ended,safety,27123,MN,Ramsey,St. Paul,508640,0,0,0,0,0,0,0,0,0,0,0,0,0,0,1,0,0,0,13.20750935,83,0.4551693125,27.96993902,0.4545454545,2.272727273,0.009090909091,https://aiolocalexperiment.github.io/aio_pages/full_samples_aio/e18de170-a741-497f-9084-af6d6be9dcf5.html,FALSE,TRUE,
IC,cfc1cc3b-5bd3-47fd-ad9c-1de0f3ceed00,1,"While Blackshear, GA, is generally considered safe with lower crime than national averages, the Oakridge community faces a unique public safety concern due to its single access point being blocked by trains, cutting it off from emergency services and resources. Other potential issues include a high flood risk in certain areas and wildlife like alligators in nearby Lake Blackshear, but these are environmental, not typical ""dangerous parts"" of town.
Specific Areas of Concern:
Oakridge Community: The main danger here isn't crime, but isolation from emergency response when trains block the only road, creating critical delays for residents.
Lake Blackshear: High alligator populations make it risky for water activities, but this is a wildlife hazard, not a neighborhood danger.
Flood Zones: Some parts of Blackshear have high flood risk from the 500-year flood event, posing a threat during severe storms.
Overall Safety:
Blackshear's overall crime rate is lower than the national average for both violent and property crimes.
It's known as a sparse suburban area where most residents own homes, attracting families and retirees.
In summary, the ""most dangerous"" aspect of Blackshear depends on your definition: Oakridge has access issues, Lake Blackshear has gators, and flood zones have storm risks, but it's a generally safe place to live.",212,6,49,what is the most dangerous part of COUNTYSEAT STATE,safety,mixed,open-ended,safety,13229,GA,Pierce,Blackshear,18758,0,0.5,0,0,0,0,0,0,0,0,0,0,0,0.1666666667,0.3333333333,0,0,1.459147917,9.903287533,21,0.1825337888,35.89361413,0,1.41509434,0.03301886792,https://aiolocalexperiment.github.io/aio_pages/full_samples_aio/cfc1cc3b-5bd3-47fd-ad9c-1de0f3ceed00.html,FALSE,TRUE,last sentence split up 
IC,6e6e5ec1-f5a5-4204-a936-327e9917ae98,1,"Yes, assuming it's a weekday in December, most ""Salem"" school districts (like Salem, MA or Salem, VA) are likely in session, as major breaks (Thanksgiving, Winter) are usually later in December or in late November, but you need to check the specific district's calendar for which Salem you mean (Salem, MA has an early release day on Dec 19th for K-8).
Here's how to check for your Salem:
Salem, Massachusetts (salemk12.org): Schools are generally running, but check for early releases; for instance, Dec 19, 2025, might be an early release for K-8.
Salem, Virginia (salem.k12.va.us): Check their calendar for any non-student days around mid-December.
Salem School District (salemschools.org - likely NH or other states): Look at their academic calendar for any scheduled half-days or breaks.
In short: Yes, probably, but verify with your specific Salem school district's official calendar!",152,3,50,does COUNTYSEAT STATE have school today,education,objective,binary,education,41047,OR,Marion,Salem,315335,1,0,0.6666666667,0.3333333333,0,0,0,0,0,0,0,0,0,0,0,0,0,0.9182958341,12.75573045,57,0.2598232759,52.00451087,0,4.605263158,0.08552631579,https://aiolocalexperiment.github.io/aio_pages/full_samples_aio/6e6e5ec1-f5a5-4204-a936-327e9917ae98.html,FALSE,TRUE,"spacing, bolding"
IC,11374e75-435f-443a-93d4-b077869da35e,1,"School schedule in Jesup
Schools in Jesup, GA, are open today (Wayne County School District).
Today, December 18, 2025, is the last day of the first semester and the end of Term 2 for the school district. The Christmas break begins tomorrow, December 19, 2025. No recent weather-related closings or delays have been announced for today.",57,7,50,does COUNTYSEAT STATE have school today,education,objective,binary,education,13305,GA,Wayne,Jesup,30099,0.4285714286,0.4285714286,0.2857142857,0,0,0,0.1428571429,0,0,0,0,0,0,0,0.1428571429,0,0,1.842370993,10.32610472,26,0.1401081502,65.725,0,0,0.0350877193,https://aiolocalexperiment.github.io/aio_pages/full_samples_aio/11374e75-435f-443a-93d4-b077869da35e.html,FALSE,TRUE,"weird spacing, bolding "
IC,d2f23dec-de8f-40a0-b657-c8260c54ca23,1,"Yes, Clinton, AR schools (Clinton School District) generally have school on a typical Thursday in December, but you need to check their official calendar or Facebook for today's specific status due to potential weather or holidays, though the calendar usually shows Christmas Break starting later in December. For real-time updates, check the Clinton School District Facebook page.
How to Check for Today:
Visit their Facebook: Clinton School District Facebook for immediate alerts.
Check their website: Look for announcements on the Clinton School District official website.
Note: The Clinton School District includes Elementary (CES), Junior High (CJHS), and High School (CHS).",102,2,50,does COUNTYSEAT STATE have school today,education,objective,binary,education,5141,AR,Van Buren,Clinton,17295,0.5,0,0.5,0,0,0,0,0,0,0,0,0,0,0,0.5,0,0,1,9.67633598,51,0.1578061911,46.099,0,1.960784314,0.05882352941,https://aiolocalexperiment.github.io/aio_pages/full_samples_aio/d2f23dec-de8f-40a0-b657-c8260c54ca23.html,FALSE,TRUE,bolding
IC,5b04ec0b-d2c3-4f78-baa9-81525951e255,1,"To apply for Section 8 (Housing Choice Vouchers) near Houston, you must apply through the Houston Housing Authority (HHA), but their voucher waitlist often closes; check their site for openings, otherwise apply for Public Housing (which is open) or nearby county housing, gather documents like ID & income proof, and watch for notices, as it's a long process.
1. Check the Waitlist Status:
Houston Housing Authority (HHA): Visit housingforhouston.com, as the Section 8 (Housing Choice Voucher) list frequently closes.
Other Options: If HHA's voucher list is closed, you can apply for their Public Housing or check with the Harris County Housing Authority (HCHA) for their Housing Choice Voucher Program in the county.
2. Apply (When Open):
Online: HHA uses an online portal where you'll create an account to apply and update your info.
Documents: Prepare scanned copies of your ID, citizenship proof, pay stubs, bank statements, and other income/asset info.
3. What to Expect After Applying:
Waiting List: You'll be placed on a list based on application date/time and eligibility.
Updates: Keep your contact info current and respond promptly to emails or mail from the housing authority.
Voucher: If approved from the waitlist, you'll get a voucher to find a private rental unit.
Key Contacts & Resources:
Houston Housing Authority (HHA): housingforhouston.com.
HHA Call Center: 713-260-0600 (for voucher info).
Emergency Housing: Call 211 or 311 for immediate help.",237,10,51,how to apply for section 8 near COUNTYSEAT STATE,economy,objective,open-ended,economy,48201,TX,Harris,Houston,4092459,0.9,0.1,0,0.8,0,0,0.1,0,0,0,0,0,0,0,0,0,0,0.9219280949,15.37545965,32,0.3374654912,48.09173304,0,0.4219409283,0.0253164557,https://aiolocalexperiment.github.io/aio_pages/full_samples_aio/5b04ec0b-d2c3-4f78-baa9-81525951e255.html,FALSE,TRUE,indented but no bullets
IC,da829ff0-5ac6-4836-9108-6b939bf70b22,1,"To apply for Section 8 (Housing Choice Vouchers) near White Cloud, MI, you must find your local Public Housing Agency (PHA) using HUD's tool. Since waiting lists are often closed, you'll need to check their websites (like MSHDA's site for Michigan) for openings and apply online, providing documents for income, family, and citizenship; be prepared for long waits and update contact info diligently.
1. Find Your Local Public Housing Agency (PHA):
Use the HUD.gov PHA Directory to locate agencies serving your area (like Newaygo County or surrounding regions).
2. Check Waiting List Status:
Most PHAs have long, often closed, waiting lists due to high demand.
Visit the specific PHA's website (found via the HUD directory) to see if their list is open and how to apply.
3. Gather Required Documents:
Proof of Income: Pay stubs, bank statements.
Identification: Social Security cards, birth certificates for all household members.
Citizenship/Immigration Status.
Other: Proof of disability (if applicable).
4. Apply (Usually Online):
Create an account on the PHA's portal when the list opens.
Fill out the application carefully, as accuracy is crucial.
5. What to Expect Next:
If eligible, you'll be placed on a waiting list.
You MUST update your contact info (address, phone) in writing with the PHA if you move, or you'll be removed from the list.
Key Resources:
HUD's Section 8 Information
Michigan State Housing Development Authority (MSHDA) info",239,9,51,how to apply for section 8 near COUNTYSEAT STATE,economy,objective,open-ended,economy,26123,MI,Newaygo,White Cloud,48460,0.4444444444,0,0,0.4444444444,0,0.1111111111,0,0,0.1111111111,0,0,0,0,0,0.3333333333,0,0,1.752715279,10.82802419,36,0.1840585399,48.37049127,0,1.255230126,-0.004184100418,https://aiolocalexperiment.github.io/aio_pages/full_samples_aio/da829ff0-5ac6-4836-9108-6b939bf70b22.html,FALSE,TRUE,indented but no bullets
IC,1b849a46-c309-460b-96c9-43b39ef2214b,1,"In Lancaster, PA, ""low income"" is defined by HUD as up to 80% of the Area Median Income (AMI), varying by family size, but generally means under $84,000 for a family of four (using 2024 figures) for housing programs, while ""Very Low Income"" is 50% AMI (around $52,500 for four people) for deeper assistance like Housing Choice Vouchers. Extremely Low Income is even lower (30% AMI), with limits around $31,500 for a single person in 2024, used for programs like ARPA Repairs.
Key Income Levels for Lancaster County (Approximate 2024 Figures)These figures adjust based on household size:
Extremely Low Income (30% AMI): ~$31,500 for a family of 4; ~$22,050 for 1 person.
Very Low Income (50% AMI): ~$52,500 for a family of 4; ~$36,750 for 1 person.
Low Income (80% AMI): ~$84,000 for a family of 4; ~$58,800 for 1 person.
How It's Used
Housing Assistance (e.g., Vouchers): Typically targets those below 50% AMI (Very Low Income).
Affordable Housing Programs: Often uses the 80% AMI (Low Income) threshold.
Whole-Home Repairs: Utilizes both Very Low and Extremely Low Income tiers.
Where to Find Current Limits
HUD: HUD User website updates these limits annually.
Lancaster County Housing Authority (LCHA): LCHA website provides program-specific income limits.
In essence, low income in Lancaster is relative to the Area Median Income, with lower thresholds for more significant housing aid.",238,5,52,what is considered low in come in COUNTYSEAT STATE,economy,mixed,numeric,economy,42071,PA,Lancaster,Lancaster,519445,0.6,0.4,0,0.6,0,0,0,0,0,0,0,0,0,0,0,0,0,0.9709505945,13.22699543,63,0.3097516012,47.01422619,0,2.100840336,0.01680672269,https://aiolocalexperiment.github.io/aio_pages/full_samples_aio/1b849a46-c309-460b-96c9-43b39ef2214b.html,FALSE,TRUE,"bolding, heading"
IC,6cf42a24-7851-49bc-a03a-6a9bab1705bd,1,"""Low income"" status in Linneus, Missouri, depends entirely on the program in question, as different government assistance programs use different metrics, such as the federal poverty level (FPL) or the Department of Housing and Urban Development (HUD) area median income (AMI).
Federal Poverty Level (FPL)
The most widely used definition of ""low income"" is the Federal Poverty Level (FPL). For 2025, the annual FPL guidelines for the contiguous United States (including Missouri) are:
1 person household: $15,650
2 person household: $21,150
3 person household: $26,650
4 person household: $32,150
For each additional person, add $5,500 annually.
Many programs use a multiplier of these guidelines (e.g., 125%, 150%, or 185%) to determine eligibility.
HUD Income Limits (Housing Assistance)
For housing assistance programs, such as Section 8, HUD sets specific income limits based on the median income for Linn County. A person is generally considered ""low income"" if their income is at or below 80% of the Area Median Income (AMI). These limits are released annually; while county-specific 2025 data for Linn County isn't available in the search results, the general range for a one-person household in some Missouri areas for 2025 is around $57,400 to $62,400.
Other Programs
Other programs, such as the Low Income Home Energy Assistance Program (LIHEAP) and SNAP (food stamps), have their own specific monthly income guidelines that are updated periodically.
To find specific eligibility for assistance programs, you can:
Contact the Missouri Department of Health and Human Services through their myDSS website.
Call 211 or visit 211.org to connect with local resources and assistance programs.",271,13,52,what is considered low in come in COUNTYSEAT STATE,economy,mixed,numeric,economy,29115,MO,Linn,Linneus,12761,0.3846153846,0.07692307692,0,0.5384615385,0,0,0,0,0.2307692308,0,0.07692307692,0.07692307692,0,0,0,0,0,1.823026491,9.380083147,26,0.2007093933,34.67309041,0.36900369,1.10701107,-0.0110701107,https://aiolocalexperiment.github.io/aio_pages/full_samples_aio/6cf42a24-7851-49bc-a03a-6a9bab1705bd.html,FALSE,TRUE,bolding 
IC,6fbc9644-1abb-454e-a059-b7f0e14ac10a,1,"New London, CT, is a diverse city with significant Hispanic/Latino and White (Non-Hispanic) populations, alongside substantial Black/African American, multiracial, and smaller Asian communities, reflecting a growing diversity with over 30% Hispanic residents and around 45% White (Non-Hispanic) residents according to recent data.
Key Ethnic & Racial Groups:
Hispanic or Latino: Around 34-35% of the population.
White (Non-Hispanic): Approximately 44-45%.
Black or African American (Non-Hispanic): About 13-15%.
Two or More Races: Around 13%.
Asian: About 2-3%.
Overall Diversity:New London has become increasingly diverse, with a notable rise in its non-white and Hispanic populations over the past decade, making it a mix of various backgrounds.",114,5,53,what is the ethnicity of COUNTYSEAT STATE,culture,mixed,open-ended,civics,9011,CT,New London [6],New London,274055,0.2,0.8,0,0.2,0,0,0,0,0,0,0,0,0,0,0,0,0,0.7219280949,,,,17.86852941,0.8771929825,3.50877193,0.008771929825,https://aiolocalexperiment.github.io/aio_pages/full_samples_aio/6fbc9644-1abb-454e-a059-b7f0e14ac10a.html,FALSE,TRUE,bolding
IC,543d52a1-c707-46a2-8292-f5ecb6ec9872,1,"Valparaiso, Indiana, is predominantly White (Non-Hispanic), making up around 80-85% of the population, with growing Hispanic/Latino (about 9-10%), Black (around 3-4%), Asian (around 3-4%), and multi-racial groups (around 7%) also residing there, reflecting a mix of traditional European-American roots and increasing diversity in this Northwest Indiana city.
Key Demographics (approximate figures from recent data):
White (Non-Hispanic): ~80-85%
Hispanic or Latino: ~9-10% (of any race)
Two or More Races: ~7%
Black or African American: ~3-4%
Asian: ~3-4%
Ethnic Composition Trends:While historically very white, Valparaiso has seen increasing diversity, with Hispanic and multi-racial populations growing, though White residents remain the vast majority. The presence of Valparaiso University also contributes to a more diverse academic community within the city.",131,9,53,what is the ethnicity of COUNTYSEAT STATE,culture,mixed,open-ended,civics,18127,IN,Porter,Valparaiso,164343,0,0.7777777778,0,0.1111111111,0,0,0,0,0,0,0,0,0,0,0,0,0.1111111111,0.9864267287,12.06767228,58,0.3008082474,-11.09270115,0,3.053435115,0.007633587786,https://aiolocalexperiment.github.io/aio_pages/full_samples_aio/543d52a1-c707-46a2-8292-f5ecb6ec9872.html,FALSE,TRUE,bolding/heading
IC,cfd53982-a2fc-42cf-84e7-919f7f5e107a,1,"The ""best"" academy in Lawrenceville, GA, depends on your focus, but Gwinnett School of Mathematics, Science, and Technology (GSMST) is consistently ranked #1 in Georgia for public high schools, excelling in STEM and college prep. For private options, Sola Fide Academy is highly-rated for 2025-26, while Choice Educational Academy offers small Christian education, and other strong contenders include Collins Hill Christian School, depending on specific grade levels and needs.
Top Public High School Academy (STEM/College Focus):
Gwinnett School of Mathematics, Science, and Technology (GSMST): A magnet school for advanced students, consistently ranked top in GA by U.S. News & World Report and Niche for its rigorous academics, AP courses, and high college readiness.
Top Private & Charter Options:
Sola Fide Academy: A top-ranked private school for the 2025-26 year, noted for its strong Christian education.
Choice Educational Academy: A small, private Christian school (grades 6-12) with a low student-teacher ratio, preparing students for 4-year colleges.
Strong Wall Academy: Offers Pre-K through 12th grade education.
Collins Hill Christian School: A Bible-centered private school serving Pre-K through 8th grade.
How to Decide:
Define Your Needs: Are you seeking STEM, general academics, a specific religious environment, or a small class size?
Check Rankings: U.S. News & World Report, GreatSchools, and Niche provide rankings and reviews for public and private schools.
Visit Schools: Contact the schools directly for tours and specific program details.",239,8,55,which COUNTYSEAT STATE academy is the best,education,mixed,open-ended,education,13135,GA,Gwinnett,Lawrenceville,805321,0.25,0.25,0.125,0.125,0,0,0,0,0,0.125,0,0,0,0.375,0,0,0,2.155639062,13.78192482,63,0.3872829859,43.22536136,0,0,0,https://aiolocalexperiment.github.io/aio_pages/full_samples_aio/cfd53982-a2fc-42cf-84e7-919f7f5e107a.html,FALSE,TRUE,spacing
IC,27668c61-8a5f-4492-832c-66c8c41fca18,1,"To file family law cases like divorce or custody in Van Buren, Missouri, you file in the Circuit Court for the county where you or the other party resides, likely Reynolds County Circuit Clerk's Office, and for assistance, you'd look for local attorneys in nearby areas like Farmington, Poplar Bluff, or St. Louis, or use online services, but filing yourself is an option for simple cases.
Where to File (Jurisdiction)
County Court: Family law cases are generally filed in the Circuit Court of the county where one of the parties lives (residency requirements apply). Since Van Buren is in Reynolds County, you'd start with the Reynolds County Circuit Clerk's Office.
Self-Representation: You can file papers yourself (pro se), especially for simple cases without much property or arguments, by going to the courthouse or using online options like Missouri Courts' self-representation portal or services like OnlineDivorce.com for forms.
Finding Legal Help
Local Lawyers: Look for family law attorneys in nearby larger towns or cities that serve the area:
Farmington/St. Francois County: (e.g., Kennedy, Kennedy, Robbins & Yarbro, Marler Law Partners).
Poplar Bluff/Butler County: (e.g., Roberts Wooten & Zimmer LLC).
St. Louis/Surrounding Counties: (e.g., Stange Law Firm, PC, Lake Munro, LLC).
Online Resources: Use FindLaw, Justia, or Yelp to find and compare local family law attorneys or firms that cover the Van Buren area.
Next Steps
Confirm County: Double-check if you and the other party meet the residency requirements for filing in Reynolds County or another Missouri county.
Gather Info: Decide if you'll file yourself or hire a lawyer.
Contact Clerk: Call the Reynolds County Circuit Clerk for filing procedures or fees if self-representing.
Consult Attorneys: Contact a few family law attorneys to discuss your case and fees.",300,9,56,family law where to file COUNTYSEAT STATE,civics,objective,open-ended,civics,29035,MO,Carter,Van Buren,6265,0.1111111111,0.4444444444,0,0.1111111111,0,0.1111111111,0,0,0.1111111111,0,0,0,0,0.1111111111,0.1111111111,0,0,2.281036113,8.56959587,32,0.1334080717,46.04731612,0,0.6666666667,0,https://aiolocalexperiment.github.io/aio_pages/full_samples_aio/27668c61-8a5f-4492-832c-66c8c41fca18.html,FALSE,TRUE,spacing
IC,9a283962-e42d-4c51-9195-3cc518e5ddf5,1,"In Richmond, VA, you generally file family law cases (custody, divorce, support) in the Juvenile & Domestic Relations District Court (J&DR) where the child lives, or the Circuit Court, often where you last lived together, depending on the case type (divorce vs. custody/support), with Circuit Court handling divorces and J&DR handling initial custody/support, though they share authority; check local court info or consult a lawyer to confirm venue.
Where to File Specific Matters:
Child Custody/Visitation/Support (Initial): Usually the Juvenile and Domestic Relations District Court (J&DR) in the city/county where the child lives.
Divorce (with Custody/Support): The Circuit Court of the city/county where you and your spouse last lived together is often preferred.
Divorce (No Children/Support): The Circuit Court where you last lived together, or where your spouse lives (if in VA), or where you live (if spouse lives out of state).
Key Courts in Richmond:
Richmond City J&DR Court: Handles initial custody, visitation, and support cases.
Richmond City Circuit Court: Handles divorces and appeals from J&DR, also broader civil matters.
Steps & Considerations:
Determine Jurisdiction: Ensure Virginia has the authority over your case.
Find the Correct Venue: The ""where"" depends on your specific situation (divorce, custody, separation).
Start at the J&DR Court: For initial custody/support, go to the J&DR Court Services Unit in the relevant locality.
Circuit Court for Divorce: File for divorce in the Circuit Court.
Get Legal Advice: Family law is complex; a local Richmond attorney (like those at Smith Strong, Melone Hatley, or Family Law Associates of Richmond (FLAOR) ) can help determine the exact court.
Resource:
Central Virginia Legal Aid Society (CVLAS) offers help with family law matters.",285,11,56,family law where to file COUNTYSEAT STATE,civics,objective,open-ended,civics,51760,VA,Richmond [9],Richmond,204214,0.8181818182,0,0,0.1818181818,0,0.7272727273,0,0,0,0,0.09090909091,0,0,0,0,0,0,1.095795255,12.33532301,60,0.440716926,40.53416643,0,1.403508772,0.00701754386,https://aiolocalexperiment.github.io/aio_pages/full_samples_aio/9a283962-e42d-4c51-9195-3cc518e5ddf5.html,FALSE,TRUE,"spacing, last line "
IC,23a47c4b-1d4b-43eb-96bc-cca51374e298,1,"To file family law cases (like divorce, custody, support) in Huntingdon, TN (Carroll County), you generally file with the Carroll County Circuit Court Clerk or Chancery Court Clerk, depending on the case type, in the county where you or your spouse lived for the last 6 months before filing, or where you lived when separated. Look for local attorneys like those at West & West, West Tennessee Legal Services (for low-income), or other family law attorneys in Carroll County for guidance on exactly where and how to file in Tennessee family court.
Where to File (General TN Rules):
County of Residence: You must typically file in the Tennessee county where you've lived for the last 6 months, or where you and your spouse lived when you separated.
Specific Court: Family law matters (divorce, support, custody, adoption) often go through the Circuit Court Clerk or the Chancery Court Clerk's office for that county.
Local Resources in Huntingdon (Carroll County):
West & West Attorneys: Located in Huntingdon, they handle divorce & family law.
West Tennessee Legal Services (WTLS): Provides free legal aid in West TN for family issues (divorce, custody, support) for those who qualify.
Other Local Firms/Attorneys: Firms like Maddox Maddox & Maddox, Williams & Williams, and John D. Stevens Atty are also in the area and handle family law.
Next Steps:
Confirm Residency: Determine if you meet the 6-month TN residency requirement for Carroll County.
Contact a Lawyer: A local family law attorney (like those mentioned) can tell you precisely which county office to file with and guide you through the process.
Check WTLS: If you have a low income, contact West Tennessee Legal Services for potential free assistance.",279,9,56,family law where to file COUNTYSEAT STATE,civics,objective,open-ended,civics,47017,TN,Carroll,Huntingdon,28522,0.4444444444,0.1111111111,0,0.2222222222,0,0,0,0,0,0,0.2222222222,0,0,0.4444444444,0,0,0,1.836591668,10.25629001,42,0.1885825561,44.77198076,0,1.075268817,-0.007168458781,https://aiolocalexperiment.github.io/aio_pages/full_samples_aio/23a47c4b-1d4b-43eb-96bc-cca51374e298.html,FALSE,TRUE,spacing
IC,adaba2e7-a227-4bd8-926c-426e522a8e4b,1,"A trip to Goodland, KS varies, with transport starting around $60-$150+ for flights or ~$40+ for a bus, plus lodging from ~$70+/night, food, gas/transport, and spending on attractions like the High Plains Museum or Van Gogh painting, but can be budget-friendly by driving, using bus, or catching budget flights.
Transportation Costs:
Flights: Round trips can be found from around $148+ (check for specific dates).
Bus: Greyhound offers tickets from about $39+, booking early helps.
Driving: Costs depend on your starting point, gas prices, and vehicle efficiency.
Accommodation:
Hotels: Prices start around $66-$70+ per night for places like Comfort Inn, Quality Inn, or Holiday Inn Express, with amenities like pools.
Food & Activities:
Food: Goodland's cost of living is relatively low compared to the state average, but budget for meals at local diners or cafes.
Attractions: Free attractions include the Giant Van Gogh Painting, High Plains Museum (check for entry fees), and Rosewood Park.
To Estimate Your Trip:
Check Flights/Bus: Use Expedia, Travelocity, or Greyhound for transport costs from your location.
Book Hotels: Check Trivago or Choice Hotels for rates.
Plan Activities: Add a daily budget for food and any entrance fees for museums or activities.",201,9,57,how much is a trip to COUNTYSEAT STATE,economy,mixed,numeric,economy,20181,KS,Sherman,Goodland,6010,0.1111111111,0.5555555556,0,0,0,0,0,0,0.3333333333,0,0,0,0,0.1111111111,0,0,0,1.351644115,8.685922795,88,0.2513804891,52.83059794,0,2.487562189,0.009950248756,https://aiolocalexperiment.github.io/aio_pages/full_samples_aio/adaba2e7-a227-4bd8-926c-426e522a8e4b.html,FALSE,TRUE,spacing
IC,d806a9b8-bafd-4761-9498-7cff708bcc5b,1,"Air quality in York, SC, might be poor today due to common factors like industrial/vehicle emissions, local pollution, or even wildfire smoke carried from elsewhere, especially if there are high temperatures, low winds, or specific weather patterns trapping pollutants like ground-level ozone (O3) or fine particulates (PM2.5). While some reports show moderate conditions, factors like localized industry (e.g., paper mills) and regional transport of pollutants can cause spikes in pollution levels, impacting health, particularly for sensitive groups.
Common Causes for Poor Air Quality:
Ozone (O3): Forms on hot, sunny days when vehicle/industrial emissions react with sunlight; strong winds can bring it to rural areas.
Particulate Matter (PM2.5): Tiny particles from vehicles, industry, dust, or smoke (like from distant wildfires) that irritate lungs.
Industrial & Vehicle Emissions: Local factories, power plants, and traffic contribute to pollutants like nitrogen oxides (NOx) and sulfur dioxide (SO2).
Weather Patterns: Stagnant air, high pressure, or low humidity can trap pollutants near the ground.
What You Can Do:
Check Real-Time Data: Use sites like AirNow.gov or local weather apps for the current AQI and dominant pollutants.
Limit Outdoor Activity: If air quality is poor (especially for sensitive groups), reduce strenuous outdoor exercise.
Stay Informed: Be aware of local industrial activity or wildfire smoke alerts that might affect your area.
In short, a combination of local emissions, weather, and potentially transported pollution (like wildfire smoke) are likely culprits for poor air quality in York today.",245,6,58,why is air quality so bad today COUNTYSEAT STATE,health,mixed,open-ended,health,45091,SC,York,York,226073,0.1666666667,0.5,0,0.1666666667,0,0,0,0,0,0,0.1666666667,0,0,0,0.1666666667,0,0,1.79248125,12.57265485,85,0.3811230159,35.19406037,0,1.632653061,0.008163265306,https://aiolocalexperiment.github.io/aio_pages/full_samples_aio/d806a9b8-bafd-4761-9498-7cff708bcc5b.html,FALSE,TRUE,spacing last line 
IC,668f38bd-9fad-451f-88eb-a54c031410f7,1,"Air quality in Wabash, IN, can be affected by local vehicle/industrial emissions, regional wildfire smoke (especially from Canada), and weather patterns trapping pollutants, with PM2.5 (fine particles) often being the main issue, though today's specific issue (Dec 18, 2025) seems to vary by source, with some showing 'Good' and others 'Poor' for sensitive groups due to trapped PM2.5 or ozone precursors like NO2/VOCs, all worsened by potential inversions or stagnant air.
Common Reasons for Poor Air Quality:
PM2.5 (Fine Particulate Matter): Tiny particles from fuel burning (cars, industry), dust, smoke, and pollen that get deep into lungs.
Ozone (O₃): Forms from reactions between pollutants (NOx, VOCs) and sunlight, often worse on hot, sunny days.
Wildfire Smoke: Smoke from distant fires (like Canadian wildfires) can travel hundreds of miles, impacting Indiana.
Weather Patterns: Stagnant air, temperature inversions (cold air trapping pollutants near the ground), and low humidity can worsen pollution.
What Might Be Happening Today (Dec 18, 2025):
Varying Data: Some sources show good air quality (AQI 18-24), while others show poor air for sensitive groups (AQI 51), indicating a dynamic situation.
Dominant Pollutant: PM2.5 is frequently cited as the main concern, possibly linked to indoor heating or local emissions during cooler weather.
Local/Regional Factors: Indiana has high pollution rankings, and issues can stem from vehicle/industry emissions, plus smoke from distant fires.
What to Do:
Check real-time data from WeatherBug, IQAir, Weather Underground, or AccuWeather for current conditions.
Reduce outdoor time if symptoms like throat irritation or shortness of breath occur.",261,10,58,why is air quality so bad today COUNTYSEAT STATE,health,mixed,open-ended,health,18169,IN,Wabash,Wabash,32888,0.2,0.6,0,0.1,0,0,0.2,0,0,0,0,0,0,0,0.1,0,0,1.570950594,10.33854382,87,0.2160125734,41.1676,0,3.0651341,-0.003831417625,https://aiolocalexperiment.github.io/aio_pages/full_samples_aio/668f38bd-9fad-451f-88eb-a54c031410f7.html,FALSE,TRUE,spacing
IC,6b1dacef-0200-4036-89e0-da190d815bea,1,"In White Plains, NY, there isn't one single ""business license""; costs vary greatly depending on your business type, but expect fees for local permits (like occupancy or specific industry licenses, e.g., $300 for commercial certificates), potential county filings (like a $35 Business Certificate for partners/fictitious names), and state registrations, with general costs ranging from under $100 for basic registrations to several hundred or more for specialized operations like elevators or liquor licenses, plus potential annual renewals.
Here's a breakdown of potential costs:
Fictitious Name/Partnership: Filing a Business Certificate with Westchester County costs $35 (includes two certified copies).
Occupancy/Building Permits: For commercial spaces, fees can be $300 for a new certificate or $200 for common areas in condos.
Industry-Specific Licenses (City of White Plains):
Elevator/Escalator License: $300 (annual).
Hoisting License (Annual): $500.
Automotive Lifts/Misc. Hoisting: $45.
State-Level: You'll need to register with the NY Department of State, which has separate fees (e.g., LLC formation $200, or Expedited $25).
Federal (EIN): Free from the IRS.
Key Takeaway: Check the City of White Plains and Westchester County Clerk websites for specific permits and county filings, as costs are highly dependent on your exact business type and location within the city.",209,7,59,how much does it cost to get a business license in COUNTYSEAT STATE,economy,objective,numeric,economy,36119,NY,Westchester,White Plains,949113,0.4285714286,0,0,0.4285714286,0,0,0,0,0.5714285714,0,0,0,0,0,0,0,0,0.985228136,13.81239371,72,0.5251003296,33.5288401,0,0.4784688995,0.01435406699,https://aiolocalexperiment.github.io/aio_pages/full_samples_aio/6b1dacef-0200-4036-89e0-da190d815bea.html,FALSE,TRUE,spacing
SD,07363297-79ec-4ef2-955e-845a51b23167,1,"There isn't a single ""Willmar Business License"" fee; costs depend on your business type, but expect fees for state registration (like $155 for an LLC filing with the MN Secretary of State) plus potential local city/county fees (often $25-$200 annually) and specific industry permits, so check with Willmar City Hall and the MN Dept of Revenue for your exact costs.
1. State Registration (MN Secretary of State)This is your foundational step, with fees depending on your business structure:
LLC/Corporation Filing: Around $155 (online/in-person) for initial Articles of Organization/Incorporation.
Assumed Name (DBA): Varies, but expect $50-$80 for initial filing (online/in-person).
2. City of Willmar Business License/Permits
Check with the City: You'll need to contact the City of Willmar's licensing department directly as fees vary widely by business type (e.g., home-based, retail, services).
Typical Range: City licenses can range from $25 to $200 annually.
3. County & Other Permits
County: Kandiyohi County might have its own requirements or fees.
State/Federal: Some industries (food, liquor, health, finance) need specific state/federal licenses, which have their own fees (e.g., Insurance: $200).
Action Steps:
Start with the MN Secretary of State: Register your business structure first.
Contact Willmar City Hall: Ask about specific local licensing for your business activity.
Check MN Dept of Revenue: For sales tax permits and other state-level needs.",235,6,59,how much does it cost to get a business license in COUNTYSEAT STATE,economy,objective,numeric,economy,27067,MN,Kandiyohi,Willmar,42239,0.1666666667,0.1666666667,0,0.3333333333,0,0,0,0,0.5,0,0,0,0,0,0,0,0,1.459147917,10.68640688,94,0.2709762444,40.61868922,0,1.70212766,0.02127659574,https://aiolocalexperiment.github.io/aio_pages/full_samples_aio/07363297-79ec-4ef2-955e-845a51b23167.html,FALSE,TRUE,spacing at beginnign
SD,1a2c9568-ed65-45dc-8aa9-941ec8a13ca3,1,"As of today, December 18, 2025, there are no active water outages, boil water advisories, or flood warnings directly impacting the Town of Leesburg's water supply.
The primary ongoing water-related situation in the broader region is a drought warning advisory for Loudoun County issued by the Virginia Department of Environmental Quality, which encourages voluntary conservation measures.
Current Water Status Summary
Drinking Water Quality: Leesburg consistently meets or exceeds all EPA water quality standards, and no current contamination issues have been reported.
Water Supply: Upstream storage reservoirs for water providers on the Potomac River are full, and there is no immediate threat to the drinking water supply.
Drought Conditions: While the county is under a drought warning advisory, mandatory water restrictions are not currently in place for residents who use the Potomac River as their source. Residents are encouraged to practice voluntary water conservation.
Flooding: There are no active watches, warnings, or advisories in effect for Goose Creek near Leesburg. Historic flooding events have occurred in the past, but the current river stages are low.
Leaks and Breaks: While general maintenance and regional cold weather can cause main breaks, there are no specific widespread service interruptions reported in Leesburg today.
For Service Issues
If you are experiencing a water or sewer problem at your property, contact the appropriate department:
For general water/sewer service issues or to report a leak, contact the Town of Leesburg Utilities Department at 703-771-2750.
For after-hours emergencies (after 5:00 p.m. on weekdays, weekends, and holidays), contact the Leesburg Police non-emergency number at 703-771-4500.
If you receive service from Loudoun Water (outside the incorporated town limits), their after-hours emergency line is 571-291-7878.",288,12,60,what is happening in COUNTYSEAT STATE right now with water,health,subjective,open-ended,health,51107,VA,Loudoun,Leesburg,312311,0.5,0.1666666667,0,0.6666666667,0,0,0.1666666667,0,0,0,0,0,0,0,0,0,0,1.251629167,12.96473131,93,0.640137464,27.97476979,0,0,0.01736111111,https://aiolocalexperiment.github.io/aio_pages/full_samples_aio/1a2c9568-ed65-45dc-8aa9-941ec8a13ca3.html,FALSE,TRUE,spacing
SD,cb71b448-4ac9-4581-a6c1-b8496aa692ce,1,"There are no current water alerts, outages, or boil orders specifically reported for Star City, Arkansas, as of Thursday, December 18, 2025.
The most reliable local sources, such as the Yorktown Water Association Alerts page which appears to serve the general area, show ""No Alerts at this time"".
For the most up-to-date information, you can:
Contact Star City Water Works directly at 870-628-4166.
Check the Arkansas Department of Health website for boil water orders which lists active orders across the state by county and system.
Monitor local news outlets or social media pages for immediate, localized updates.",101,4,60,what is happening in COUNTYSEAT STATE right now with water,health,subjective,open-ended,health,5079,AR,Lincoln,Star City,14134,1,0,0,0.25,0,0,0,0,0.25,0,0.5,0,0,0,0,0,0,1.5,9.470085826,2,0.1087644118,40.62028866,0,0.9900990099,0,https://aiolocalexperiment.github.io/aio_pages/full_samples_aio/cb71b448-4ac9-4581-a6c1-b8496aa692ce.html,FALSE,FALSE,"Date 2025, first two sentences feel like they should have space in between"
SD,e0066e85-2e81-40c7-b0dc-727da23d9857,1,"As of today, December 18, 2025, the primary water activity in Wessington Springs is that the City is flushing water mains, which may cause temporary low water pressure in the town.
There are currently no active emergency alerts, boil water advisories, or major water main breaks reported.
Summary of the Current Water Situation
Water Main Flushing: The City of Wessington Springs is performing maintenance today by flushing water mains, which is expected to cause moments of low water pressure throughout town.
No Active Emergencies: Official sources and local news outlets do not show any active emergency water alerts, warnings, or advisories in effect for Wessington Springs.
No Drought Conditions: The area is currently experiencing ""abnormally wet"" conditions, with no drought conditions reported as of late November 2025.
Past Issues: Previous news reports from earlier in 2025 indicated the city was dealing with
An oversight in May 2025 where a required monthly bacteria test sample was not submitted due to staffing changes, which prompted a public notice at the time.
Ongoing concerns regarding the aging water treatment plant and distribution system, leading the city to seek state funding for potential emergency repairs and replacements.
For the most immediate updates, residents are advised to check the official Wessington Springs Public Pool Facebook page or the city's official communication channels, as these platforms are used for timely updates on maintenance and service interruptions.",231,10,60,what is happening in COUNTYSEAT STATE right now with water,health,subjective,open-ended,health,46073,SD,Jerauld,Wessington Springs,2071,0.4,0.3,0,0.1,0,0,0.3,0,0,0.1,0,0,0,0,0.2,0,0,2.170950594,7.520234556,38,0.2113997114,25.74157609,0,0.8658008658,0.01731601732,https://aiolocalexperiment.github.io/aio_pages/full_samples_aio/e0066e85-2e81-40c7-b0dc-727da23d9857.html,FALSE,FALSE,"Date 2025, spacing"
SD,bfb40b9e-82b9-47bb-bf19-7c99f5298ce0,1,"No, Manassas Park, VA, is not currently under a broad ""State of Emergency"" as of December 18, 2025, but they do have active emergency management and issue localized warnings like Snow Emergencies or water advisories when needed, with the City Manager handling local declarations, not the Governor for general issues.
Here's how to check for current alerts:
City of Manassas Park Website: For official news, check their announcements at manassasparkva.gov.
Emergency Alerts: They use systems like Alert Manassas for direct communication during emergencies.
NOAA Water Alerts: Check water.noaa.gov/gauges/mpbv2 for flood/water warnings.
Key Takeaway: While there's no widespread emergency, always check local government sources for localized alerts, especially for weather, as they manage these within their city limits.",125,6,61,is COUNTYSEAT STATE in a state of emergency,safety,objective,binary,safety,51685,VA,Manassas Park [9],Manassas Park,14273,0.6666666667,0.1666666667,0,0.6666666667,0,0,0,0,0,0,0,0,0,0,0,0,0.1666666667,1.251629167,9.736428922,18,0.2547861872,27.96557692,0,0,0.008,https://aiolocalexperiment.github.io/aio_pages/full_samples_aio/bfb40b9e-82b9-47bb-bf19-7c99f5298ce0.html,FALSE,FALSE,"Date 2025, spacing"
SD,f809e224-5be7-4ef5-8a15-1d5bc7f052e6,1,"There are no known billionaires residing specifically in Ossipee, New Hampshire.
As of the most recent data from publications like Forbes (updated through April and September 2025), there are a total of two billionaires who are residents of the entire state of New Hampshire.
The two New Hampshire billionaires are:
Rick Cohen: Owner and executive chairman of C&S Wholesale Grocers and chairman/CEO of Symbotic, a warehouse automation company. He lives in Keene, New Hampshire.
Alexander Karp: The co-founder and CEO of the data-mining firm Palantir Technologies. He lives in Lyman, New Hampshire.
While Lake Winnipesaukee (which is near Ossipee) is known to attract affluent residents and celebrities, there are no published reports listing any billionaires as residents of Ossipee itself.",124,10,62,how many billionaires are there in COUNTYSEAT STATE,economy,objective,numeric,economy,33003,NH,Carroll,Ossipee,47818,0.7,0.1,0,0,0,0.1,0.5,0,0,0.1,0.1,0,0,0,0,0,0.1,2.160964047,10.84464649,99,0.3879496756,48.435,0,0,-0.01612903226,https://aiolocalexperiment.github.io/aio_pages/full_samples_aio/f809e224-5be7-4ef5-8a15-1d5bc7f052e6.html,FALSE,,"spacing, uncertain about Date 2025"
SD,0a1eba05-9708-42e9-adaa-d2a67fce1d23,1,"While White Plains has a few institutions like The College of Westchester, the area (within 20-30 miles) is rich with colleges, offering around 70+ options, including private, public, and community colleges, with major schools like Pace University (Pleasantville), Manhattanville College (Purchase), and SUNY Westchester nearby.
Colleges in/very near White Plains:
Other prominent colleges in the general Westchester area (close proximity):
Pace University (Pleasantville Campus): A well-known private university.
Manhattanville College: Another private liberal arts college in Purchase.
Iona University: Located in New Rochelle.
Sarah Lawrence College: In Bronxville.
Fordham University (Westchester Campus): In Tarrytown.
So, while the city proper has a few, the surrounding Westchester County boasts a large selection of higher education choices.",117,5,64,how many colleges are in COUNTYSEAT STATE,education,objective,numeric,education,36119,NY,Westchester,White Plains,949113,0.2,0.8,0.2,0,0,0,0,0,0,0,0,0,0,0,0,0,0,0.7219280949,13.81239371,72,0.5251003296,20.36289474,0,0.8547008547,0.01709401709,https://aiolocalexperiment.github.io/aio_pages/full_samples_aio/0a1eba05-9708-42e9-adaa-d2a67fce1d23.html,FALSE,TRUE,seemingly missing information
SD,67ea0705-ac9a-4c14-8c7f-0b306a3d3b45,1,"To pay a Fort Collins ticket online, go to the Fort Collins Municipal Court online payment portal, using your Violation Number, License Plate, Name, or Citation Number to find and pay for most fines, though camera radar tickets have a specific search option, and juvenile cases need direct court contact. For parking tickets, use the dedicated Parking Portal, or if it's a state ticket, check the Larimer County Sheriff's site or CO Judicial online system.
For Municipal Court Tickets (Traffic, Ordinance, Camera Radar)
Visit the Portal: Go to the official online payment page for the Fort Collins Municipal Court.
Search: Find your ticket using:
Violation Number (for camera radar)
License Plate Number (Vehicle Information tab)
Name, Driver's License, or Citation Number (for other fines)
Pay: Follow the prompts to pay with a debit/credit card.
Note: Juvenile tickets and warrants can't be paid online; contact the court.
For Parking Tickets
Use the City of Fort Collins Parking Portal to pay for parking citations.
For State of Colorado Tickets (if issued by LCSO/State)
Check the Larimer County Sheriff's Office portal or the CO Judicial Online Payment System for State or Larimer County Court tickets.
Important Tips
Wait Times: Allow a few days for new tickets to appear in the system.
Court Appearance: If your ticket says ""Summons"" or requires a court date, you might need to appear in person or contact the court first.",239,9,67,how to pay ticket online COUNTYSEAT STATE,transportation,objective,open-ended,transportation,8069,CO,Larimer,Fort Collins,299630,0.8888888889,0.2222222222,0.1111111111,0.5555555556,0,0,0,0,0.1111111111,0,0,0,0,0,0,0,0,1.657742727,12.80370237,95,0.5173804084,43.56021073,0,1.255230126,0.01255230126,https://aiolocalexperiment.github.io/aio_pages/full_samples_aio/67ea0705-ac9a-4c14-8c7f-0b306a3d3b45.html,FALSE,TRUE,"Not sure if ""obvious"" under search, I think the bullets should be indented"
SD,690010b9-c0ed-48c2-806a-748ba0d45bba,1,"Prince Frederick, MD, isn't considered ""bad""; it's generally seen as a safe, family-friendly, quiet suburban area with good schools and access to DC/Annapolis, but some find it sleepy, experiencing suburban sprawl with new development. While Calvert County boasts low crime rates overall, Prince Frederick has typical property crime, and some residents note a need for more entertainment/dining, though it offers local shops, history, and outdoor access.
Pros:
Safety & Community: A peaceful, small-town feel with a strong community and low county-wide crime rates.
Schools: Highly-rated public schools.
Location: Good commuter access to DC and Annapolis, plus proximity to water/beaches.
Amenities: Growing with new shops, restaurants, and the county's main commercial hub.
Lifestyle: Offers a suburban mix with rural roots, popular with families, young professionals, and retirees.
Cons/Considerations:
""Boring"" Factor: Some find it too quiet with limited nightlife and entertainment, requiring travel to nearby cities.
Suburban Sprawl: Rapid growth leads to more housing developments and strip malls, which some residents dislike.
Traffic/Infrastructure: Concerns about potential traffic and infrastructure to support growth.
Overall:Prince Frederick offers a trade-off: a quiet, safe, well-educated environment with amenities and accessibility, versus a lack of big-city excitement, but it's generally a positive place for those seeking a suburban lifestyle in Southern Maryland.",221,9,69,is COUNTYSEAT STATE bad,safety,subjective,binary,safety,24009,MD,Calvert,Prince Frederick,88737,0.3333333333,0.1111111111,0,0.1111111111,0,0.1111111111,0.1111111111,0,0,0,0,0,0,0.1111111111,0.3333333333,0,0.1111111111,2.641604168,11.44882418,30,0.3526277586,27.93489305,0,2.714932127,0.009049773756,https://aiolocalexperiment.github.io/aio_pages/full_samples_aio/690010b9-c0ed-48c2-806a-748ba0d45bba.html,FALSE,TRUE,should have space in last bolded text between : 
SD,48c1f01b-d648-4f48-bb0d-cb0573e3781b,1,"Health insurance costs in Newton, TX, vary widely by plan, age, and income, but you can expect individual premiums for ACA Marketplace plans in Texas to range from around $300-$600 monthly for standard options, with potential for $0 premiums on Silver/Bronze plans if you qualify for significant tax credits via Healthcare.gov (HealthCare.gov), while Medicare Advantage plans in Newton County average much lower (around $45/month) but have different cost structures.
Factors Influencing Your Cost:
Plan Type: HMOs are generally cheaper than PPOs.
Age: Older individuals pay more.
** Income/Subsidies:** Lower incomes qualify for substantial tax credits (subsidies) on Healthcare.gov, potentially making premiums $0.
Location: Premiums vary even within Texas.
Tobacco Use: Smokers pay more.
Typical Costs (Estimates for Texas):
Individual Marketplace (Before Subsidies):
Bronze: Around $376/month (lower than U.S. avg).
Silver/Gold/Platinum: Higher premiums, but with more benefits.
Employer-Sponsored: Around $111/month for individuals (employee portion).
Medicare (Newton County Specific):
Medicare Advantage (2025): Average monthly premium around $45, with $0 premium plans available from providers like Humana.
How to Get an Exact Quote:
Visit Healthcare.gov (HealthCare.gov): This is the official exchange where you can see personalized costs and subsidies for plans in Newton.
Use HelpAdvisor.com or Medicare.org: For comparing Medicare or ACA plans.
Contact Local Brokers: Like Wilkerson Insurance Agency.",223,6,70,how much is health insurance COUNTYSEAT STATE,health,mixed,numeric,health,48351,TX,Newton,Newton,14445,0,0.3333333333,0,0,0,0.1666666667,0,0,0.5,0,0,0,0,0,0,0,0,1.459147917,9.408617296,17,0.0623017671,29.44238435,0,2.69058296,0.004484304933,https://aiolocalexperiment.github.io/aio_pages/full_samples_aio/48c1f01b-d648-4f48-bb0d-cb0573e3781b.html,FALSE,TRUE,"Weird bolding on **income Subsideries... also spacing between text, weird spacing"
SD,3108cdf9-057f-4209-a3c0-785729543882,1,"Georgetown, KY, is generally considered a safe, quiet community with a lower overall crime rate than the national average, featuring lower violent crime but higher property crime, especially vehicle theft, with residents advising vigilance around Toyota shift changes and locking cars. While it's seen as a good place to live, some reports indicate rising property crime and traffic issues, but it's viewed as middle-of-the-pack compared to similar-sized towns, not extremely dangerous.
Crime & Safety Snapshot:
Overall: Lower crime than U.S. average, though some data shows it higher than 84% of other KY cities.
Violent Crime: Often reported as lower than state averages.
Property Crime: Tends to be higher than state averages, with car break-ins and theft being concerns.
Resident Perception: Many locals see it as a safe, family-friendly area, but advise caution with unlocked cars and during busy traffic times.
What Residents Say:
Be aware of Toyota shift changes for heavy traffic.
Lock your car doors and don't leave valuables visible (like iPads) to prevent theft.
It's a quiet town with a small-town feel.
In Summary:Georgetown, KY, isn't known as a ""dangerous"" city but requires typical small-town awareness, especially regarding property crime like car break-ins, which seems to be a recurring issue. It's a growing area with a mix of suburban feel, families, and professionals, making it generally safe with common-sense precautions.",239,8,76,how dangerous is COUNTYSEAT STATE,safety,mixed,open-ended,safety,21209,KY,Scott,Georgetown,47173,0.125,0.375,0,0,0,0,0,0,0,0,0,0,0,0.125,0.5,0,0,1.405639062,10.9728255,50,0.332457122,42.29321456,0.4184100418,3.765690377,0.008368200837,https://aiolocalexperiment.github.io/aio_pages/full_samples_aio/3108cdf9-057f-4209-a3c0-785729543882.html,FALSE,TRUE,Bolded Text Formatting
SD,a2781576-36c1-448c-a856-a50af531d4df,1,"Richmond, VA, is the capital of Virginia, located in the east-central United States, within the Piedmont region on the James River, near the Atlantic Seaboard fall line, about 100 miles south of Washington, D.C..
Key Details:
Country: United States
State: Virginia (VA)
Region: Piedmont, near the Fall Line where the uplands meet the coastal plain.
Major River: James River.
Proximity: South of Washington, D.C., and west of cities like Norfolk.
In Simple Terms:Imagine a map of the USA; find the East Coast, then look for Virginia. Richmond is in the middle-east part of that state, sitting on a river where the land starts to get hilly (the Piedmont).",113,6,79,where is COUNTYSEAT STATE located in the world,geography,objective,open-ended,environment,51760,VA,Richmond [9],Richmond,204214,0.1666666667,0.5,0,0,0,0,0,0,0.1666666667,0,0,0,0,0,0.1666666667,0,0.1666666667,1.79248125,12.33532301,60,0.440716926,64.275,0.8849557522,0,-0.01769911504,https://aiolocalexperiment.github.io/aio_pages/full_samples_aio/a2781576-36c1-448c-a856-a50af531d4df.html,FALSE,TRUE,Bolded Text Formatting
SD,66f08e88-ab96-4c88-98d7-c73ec72ac194,1,"Top criminal defense attorneys in Bridgeport
Determining the ""best"" attorney can be subjective, but several criminal defense attorneys and firms in the Bridgeport area are highly regarded based on peer recognition and client reviews.
Here are some experienced options:
Frank J. Riccio, II is a top-rated attorney selected to Super Lawyers from 2010-2025 who assists clients with criminal defense, white collar crimes, and DUI/DWI issues.
This firm has a high client rating (4.9 stars) and over 1000 Google reviews. James J. Ruane is a certified criminal trial specialist attorney.
Robert Berke is a top-rated attorney recognized by Super Lawyers, with 20 years of experience, known for achieving very good results in delicate situations.
Michael Riley is an experienced courtroom advocate who started his career inside the Connecticut Judicial Branch, known for creativity and a driven approach to defense.",143,8,84,who is the best criminal defense attorney in COUNTYSEAT STATE,civics,subjective,open-ended,civics,9001,CT,Fairfield [6],Bridgeport,916829,0.375,0.5,0,0,0,0.25,0,0,0,0,0,0,0,0.25,0,0,0,1.5,,,,38.51755435,0,1.398601399,0,https://aiolocalexperiment.github.io/aio_pages/full_samples_aio/66f08e88-ab96-4c88-98d7-c73ec72ac194.html,FALSE,TRUE,spacing
SD,1b3bb4ad-1f54-4659-aa83-49711f263479,1,"School teachers in Jersey City, NJ earn an average of around $60,000 to $80,000 annually, with starting salaries often in the mid-$50,000s, but this varies significantly by experience, degree, and district; the Jersey City Board of Education shows about $63k, while statewide, median pay is rising, with many districts reaching $100k median, though Jersey City's exact median is lower but competitive, depending on steps and lanes.
Average Salary Ranges
Overall Average: Around $60,000 - $80,000.
Entry-Level: Starting salaries are often in the mid-$50,000s, with some entry-level positions at $56k-$59k.
Experienced Teachers: Can earn $66,000+ or more, with some districts offering $100k+ median pay for experienced staff.
Factors Influencing Pay
Experience: More years on the job lead to higher pay.
Education: Advanced degrees (Master's) often come with significant salary bumps.
District: Different districts (like the Jersey City Board of Education vs. Charter Schools) have different pay scales.
Specialization: Special Education or Math teachers might have different pay than elementary teachers.
Specific Examples
Jersey City Board of Education: Reports average yearly pay around $62,899.
Charter Schools: Might see elementary teachers around $58k and Special Ed around $65k.
To Find Your Specific SalaryCheck the salary guides (often called ""steps and lanes"") in the collective bargaining agreements for the specific district you're interested in, such as the Jersey City Board of Education or other local schools, as these detail pay for each year of experience and education level.",249,9,87,how much does a school teacher make COUNTYSEAT STATE,education,mixed,numeric,education,34017,NJ,Hudson,Jersey City,634266,0.2222222222,0.5555555556,0,0,0,0,0.1111111111,0,0,0.1111111111,0,0,0,0.1111111111,0.1111111111,0,0,1.879964949,13.47369326,27,0.4790299672,36.4446799,0,5.220883534,0.02409638554,https://aiolocalexperiment.github.io/aio_pages/full_samples_aio/1b3bb4ad-1f54-4659-aa83-49711f263479.html,FALSE,TRUE,Bolded Text Formatting
SD,0982648c-abeb-4b04-8ee9-8de1a7443659,1,"Centerville, TN, known for its small-town Southern charm, is known food-wise for classic American comfort food, especially fried catfish, barbecue, and biscuits, with popular spots like Fish Camp Restaurant (catfish), Papa Kayjoe's Bar-B-Que, and the Mason Jar offering traditional flavors, plus its annual National Banana Pudding Festival highlighting a beloved dessert.
Local Favorites & Styles
Southern Comfort: Expect hearty, home-style cooking with staples like fried chicken, catfish (often with hushpuppies), and classic sides.
BBQ: Papa Kayjoe's is a go-to for barbecue, featuring vinegar slaw options.
Fish Camp Restaurant: A local landmark featured on Tennessee Crossroads, famous for its fish and resilience after floods.
The Mason Jar: Another popular spot for a great experience and traditional American fare.
Tilley's Homestead: Known for crispy fried chicken and catfish.
Unique Food Event
National Banana Pudding Festival: Held annually, this event celebrates a quintessential Southern dessert, drawing visitors to taste various versions of banana pudding.
Overall VibeCenterville offers a taste of authentic rural Tennessee, focusing on simple, well-loved dishes in a friendly, community-focused setting, rather than trendy or unique cuisine.",186,9,89,what is COUNTYSEAT STATE known for food wise,culture,subjective,open-ended,civics,47081,TN,Hickman,Centerville,24690,0.4444444444,0,0,0.1111111111,0,0.1111111111,0.1111111111,0,0,0,0,0,0,0.3333333333,0.2222222222,0.1111111111,0,2.419381946,10.13574941,15,0.1357237863,25.10044643,0,0.5376344086,0,https://aiolocalexperiment.github.io/aio_pages/full_samples_aio/0982648c-abeb-4b04-8ee9-8de1a7443659.html,FALSE,TRUE,Bold Text formating
SD,fc4ebfcb-7a58-4781-9c61-7acf691e8862,1,"There are no hospitals directly in Vienna, Missouri, but the closest major hospital is Phelps Health in nearby Rolla (about 18 miles away), along with other options like Capital Region Medical Center in Jefferson City, serving the needs of Vienna residents.
Closest Hospital: Phelps Health in Rolla, MO, is the primary facility for residents of Vienna and surrounding areas, offering comprehensive care.
Other Nearby Hospitals: Capital Region Medical Center (Jefferson City) and Boone Hospital Center (Columbia) are also accessible.",79,5,92,how many hospitals are in COUNTYSEAT STATE,health,objective,numeric,health,29123,MO,Madison,Vienna,12226,0.4,0,0,0,0.2,0,0.2,0,0,0,0,0,0,0.4,0,0,0.2,1.921928095,9.446597562,23,0.1532671912,11.97755274,0,0,0.0253164557,https://aiolocalexperiment.github.io/aio_pages/full_samples_aio/fc4ebfcb-7a58-4781-9c61-7acf691e8862.html,FALSE,TRUE,(uncertain) spacing
SD,67142205-0aca-4e57-8d9d-24858a205ebb,1,"There isn't one single ""average"" as it depends on usage, but for the City of Dillon, expect a base charge plus usage, with recent July 2024 rates showing around $5.61 (base) + $2.24 per 1,000 gallons (in-town), but you'll also pay sewer, making the total typically higher, perhaps in the $40-$80+ range depending on consumption and if you're in-town vs. out.
Here's a breakdown of how to estimate your bill:
City of Dillon (In-Town Rates - July 2024):
Water: $5.61 (Base) + $2.24 per 1,000 gallons used.
Sewer: A separate charge, often higher than water, making the combined bill significant.
Example Estimate (Hypothetical): If you use 3,000 gallons (a low-to-moderate amount):
Water: $5.61 + (3 x $2.24) = $5.61 + $6.72 = $12.33 (Water only)
Add Sewer: A significant amount, maybe $20-$40+ depending on your tier.
Total: Could be $30-$50+ just for 3,000 gallons.
Key Factors Influencing Your Bill:
Usage: More water used = higher bill.
In-Town vs. Out-of-Town: Out-of-town rates are higher.
Water vs. Sewer: Sewer charges are a major part of the bill.
Leaks: A running toilet can drastically increase usage.
For the most accurate estimate, check your actual usage on your bill or contact the City of Dillon's Public Works Department.",227,6,93,how much is the average water bill in COUNTYSEAT STATE,economy,mixed,numeric,economy,45033,SC,Dillon,Dillon,32062,0.6666666667,0.1666666667,0,0.6666666667,0,0,0.1666666667,0,0,0,0,0,0,0,0,0,0,1.251629167,10.24106632,3,0.1168824164,60.59512755,0,2.202643172,0.01321585903,https://aiolocalexperiment.github.io/aio_pages/full_samples_aio/67142205-0aca-4e57-8d9d-24858a205ebb.html,FALSE,TRUE,spacing
SD,f9d8c9ba-7761-488f-8cdc-4d6531c2476f,1,"While a precise average is tricky, residents in Columbus, TX, should expect monthly water bills likely starting around $50-$70 (including minimums for water & sewer) for low usage, with higher bills for more consumption, potentially reaching $100+ for families or higher usage, as rates are tiered and minimums apply for both water and sewer. A recent city schedule shows minimums of $25 for 3,000 gallons (water) + $25 for 3,000 gallons (sewer), plus usage fees, suggesting basic costs are around $50 before much usage, with rates increasing as you use more water.
Here's a breakdown:
Minimums (Water + Sewer): Based on a 2022 schedule, the base charge is roughly $25 (water) + $25 (sewer) for the first 3,000 gallons, totaling around $50 for minimal use.
Tiered Usage: Costs increase with usage, with rates per 1,000 gallons rising for higher consumption (e.g., $3.85, $4.25, $4.85 per 1,000 gallons).
Sewer Calculated on Water: Your sewer bill is often based on your average water usage from January and February, so higher water use in winter affects your sewer bill year-round.
Real-World Examples: Some residents report bills around $180-$200 per quarter (roughly $60-$67/month) for a 2-person home, while others note bills can climb.
Factors Influencing Your Bill:
Household Size & Habits: More people and frequent use (showers, laundry, etc.) increase costs.
Leaks: Even small leaks in toilets or faucets add up quickly.
Time of Year: Summer usage for gardening or pools can significantly raise bills.
For exact figures, check the official City of Columbus website's utility page or recent fee schedules.",270,6,93,how much is the average water bill in COUNTYSEAT STATE,economy,mixed,numeric,economy,48089,TX,Colorado,Columbus,20874,0.3333333333,0.3333333333,0,0.1666666667,0,0,0,0,0,0,0,0,0,0,0.5,0,0,1.459147917,9.939626599,41,0.2399971873,46.94655844,0,2.592592593,0.007407407407,https://aiolocalexperiment.github.io/aio_pages/full_samples_aio/f9d8c9ba-7761-488f-8cdc-4d6531c2476f.html,FALSE,TRUE,(uncertain) spacing
SD,ff6074fc-663b-4722-aa74-1ec322103b5d,1,"A good salary in Beaumont, TX, varies, but generally, earning over $45,000-$50,000 puts you above the median, with averages hovering around $50k-$56k, while a comfortable salary might be $66k+ (75th percentile), especially for professionals, considering Beaumont's lower cost of living compared to the national average, but higher living costs (around $45k+ for a single adult) suggest needing more for true comfort, with top earners in management or engineering exceeding $100k.
Salary Benchmarks
Median Income: Around $45,000 - $57,000 (meaning half earn more, half earn less).
Average Salary: About $50,000 - $56,000.
Comfortable/Good: Over $66,000 (75th percentile), or $45,000+ for a single adult's basic needs in Texas.
High Earners: Management, engineering, or medical roles can reach $100k+.
Factors Influencing a ""Good"" Salary
Cost of Living: Beaumont's living costs are lower than the national average, making your money go further.
Household Size: A single person needs less than a family; a single adult in Texas needs about $45k for basics, while a family needs much more.
Occupation: High-skill jobs (like engineers or managers) pay significantly more than service roles, notes BLS data.
Key TakeawayAim for $50,000+ for a solid income, but if you're in a professional field or supporting a family, $70,000 to $100,000+ provides greater financial comfort in Beaumont, TX, especially considering lower local taxes.",231,7,95,what is a good salary in COUNTYSEAT STATE,economy,mixed,numeric,economy,48245,TX,Jefferson,Beaumont,252273,0.1428571429,0.5714285714,0,0.1428571429,0,0.1428571429,0,0,0.1428571429,0,0,0,0,0,0,0,0,1.664497779,12.44484936,44,0.1944985308,36.47233753,0,2.597402597,0.008658008658,https://aiolocalexperiment.github.io/aio_pages/full_samples_aio/ff6074fc-663b-4722-aa74-1ec322103b5d.html,FALSE,TRUE,Bolded Text Fomratting
SD,41c8e0e4-22e7-4d2b-bfef-62f86eb1b900,1,"A good salary in Titusville, FL, depends on lifestyle, but generally, earning over the median of around $42,000-$48,000 puts you above average, while a salary of $60,000+ is strong, with high earners and professionals like engineers potentially making over $100k. Considering cost of living, a single adult needs about $22/hour ($45k/yr) to cover basics, and a comfortable salary for Florida is around $97k, though Titusville is more affordable.
By the Numbers
Average/Median: Around $42k (median) to $48k (average), with some sources showing averages over $60k.
Strong Earners: 75th percentile is around $54k-$63k; 90th percentile can reach $86k+.
High-Paying Roles: Engineers ($90k+), Software Developers ($100k+).
What's ""Good""?
For Basic Needs: A single adult needs about $21.74/hour ($45,260/year) to meet basic living costs in the metro area, notes MIT Living Wage Calculator.
Comfortable Living: While Florida generally needs $97k for comfort, Titusville's lower costs make a solid middle-class living achievable with less, perhaps $60,000 - $80,000, depending on family size and lifestyle.
Key Factors
Industry Matters: Tech and engineering roles pay significantly more than service jobs.
Cost of Living: Titusville is more affordable than the national average, especially for housing, which helps your salary go further.",211,9,95,what is a good salary in COUNTYSEAT STATE,economy,mixed,numeric,economy,12009,FL,Brevard,Titusville,543376,0.2222222222,0.6666666667,0,0,0,0,0.2222222222,0,0.1111111111,0,0,0,0,0,0,0,0,1.224394445,13.33833407,86,0.3353988572,36.89420466,0.4739336493,3.791469194,0.009478672986,https://aiolocalexperiment.github.io/aio_pages/full_samples_aio/41c8e0e4-22e7-4d2b-bfef-62f86eb1b900.html,FALSE,TRUE,spacing
SD,340253b0-3b1f-4c87-98d6-94537951e26f,1,"To get high school transcripts in Richmond, NY (Staten Island), contact your specific high school (like Port Richmond HS, Richmond Hill HS) directly via their website or by emailing their guidance/records office with a photo ID, as they are NYC Public Schools and use online portals like Parchment or email requests for former students, providing your name, DOB, and graduation year for processing.
Here's a breakdown of how to get them:
1. Identify Your School:
NYC Public Schools (Staten Island): Most schools (e.g., Port Richmond, Curtis, McKee) are part of the NYC Department of Education (DOE).
Find Your School's Records Page: Use the NYC DOE School Finder to locate your specific school's website.
2. Requesting Your Transcript:
Current Students: Ask your school counselor through the guidance office or Naviance.
Former Students (Most Common):
Email: Send an email to the school's records office (often the guidance or main office) with your full name (as used in school), date of birth, year of graduation, and a copy of your photo ID (driver's license, passport).
Online Portals: Some schools use Parchment for digital requests (check your school's site).
Mail/In-Person: You might need to fill out the NYC DOE Student Records Request Form and bring/mail it with your ID and sometimes a fee (money order, not checks).
3. Specific Examples for Richmond, NY:
Port Richmond High School: Email pdecore@schools.nyc.gov with your info and ID copy.
Richmond Hill High School (Queens, but similar process): Email ediamon@schools.nyc.gov with ID copy or mail request with money order to their address.
Key Things to Remember:
Photo ID is essential for identity verification.
No Checks: NYC DOE often requires money orders, not personal checks.
Processing Time: Allow 1-2 weeks, possibly more, for processing and mailing.",304,8,96,how to get high school transcripts COUNTYSEAT STATE,education,objective,open-ended,education,36085,NY,Richmond [10],Richmond,468730,0.625,0,0.375,0.25,0,0,0,0,0.25,0,0,0.125,0,0,0,0,0,1.905639062,13.10772475,21,0.3577553762,58.53802885,0,1.973684211,0.01315789474,https://aiolocalexperiment.github.io/aio_pages/full_samples_aio/340253b0-3b1f-4c87-98d6-94537951e26f.html,FALSE,TRUE,lacking bullets/some organizational structure
SD,d88e80d8-007c-40c5-baec-8af9456d5e88,1,"To get your high school transcript in Orlando, FL (Orange County), contact your last high school directly or use Parchment/NeedMyTranscript, the online portal for many OCPS schools, providing your info, ID, and paying any fees via School Cash Online for paper copies, with electronic options often free for Florida public colleges.
For Orange County Public Schools (OCPS) Alumni:
Find Your School: Go to the last OCPS high school you attended or the nearest one if it's closed, as they manage records.
Use NeedMyTranscript (Parchment): Many OCPS schools (like Olympia, Colonial, Jones) use Parchment/NeedMyTranscript for online requests, allowing you to order electronically or for print.
Follow School-Specific Steps: Check your school's guidance/counseling page (e.g., West Orange High, Edgewater High) for forms, ID copies, and payment via School Cash Online.
Information Needed: Have your current/former name, date of birth, dates attended, and a photo ID ready.
If You Attended FLVS (Florida Virtual School):
Log into your FLVS account to print an unofficial transcript or request an official one through their system.
General Tips:
Contact OCPS Student Records: For general questions, contact OCPS Student Records at 407-317-3965.
GED Transcripts: For GED diplomas/transcripts, use the Parchment/GED Testing Service portal on the FLDOE website.",211,8,96,how to get high school transcripts COUNTYSEAT STATE,education,objective,open-ended,education,12095,FL,Orange,Orlando,1145956,0.75,0,0.625,0.125,0,0,0,0,0.25,0,0,0,0,0,0,0,0,1.298794941,14.1804807,58,0.3840842509,43.25051368,0,0.4739336493,-0.004739336493,https://aiolocalexperiment.github.io/aio_pages/full_samples_aio/d88e80d8-007c-40c5-baec-8af9456d5e88.html,FALSE,TRUE,(uncertain) spacing
SD,9cec55d1-1d44-4838-9d7e-3788add91dd4,1,"Hemphill, TX, is a small town in Sabine County, so it likely doesn't have its own city bus system; you'll need to check for regional transit, like the Deep East Texas Rural Transit District (DETR) or senior/disabled services (like 2-1-1 assistance), possibly using apps like GoPass for nearby services or contacting the Sabine County Judge's office or Library for local transit info, as you'll probably buy passes for larger systems like Corpus Christi (CCRTA) or Houston (METRO) if traveling far, or check for local volunteer drivers/senior shuttles.
1. Check for Local & Regional Transit (Most Likely for Hemphill):
Sabine County Resources: Visit the Sabine County website (co.sabine.tx.us) and look for ""Transportation"" or ""Senior Services."" They might offer volunteer drivers or shuttles.
2-1-1 Texas: Dial 2-1-1 (or visit 211texas.org) to find local transport options for seniors or disabilities in Hemphill/Sabine County.
2. Nearby Transit Systems (If You Travel to Larger Cities):
Corpus Christi (CCRTA): Offers passes via their CCRTA website (ccrta.org/ride/fares) or the GoPass app, but this is for the Corpus area, not Hemphill.
Houston (METRO): Check ridemetro.org/fares/discounted-and-free-programs for their programs if you travel to Houston.
3. Use the GoPass App:
Download the GoPass Mobile App to buy tickets for systems like Trinity Metro (Fort Worth) or other regional networks, but verify if it covers Deep East Texas.
In Summary for Hemphill: Start with Sabine County's official resources and 2-1-1 to find the most relevant, likely non-traditional, transport options for your area, as there's no major bus system directly in Hemphill.",280,5,98,how to get a bus pass in COUNTYSEAT STATE,transportation,objective,open-ended,transportation,48403,TX,Sabine,Hemphill,10834,0.8,0,0,1,0,0,0,0,0,0,0,0,0,0,0,0,0,0,9.210140352,31,0.1782855667,43.41471386,0,2.142857143,0.007142857143,https://aiolocalexperiment.github.io/aio_pages/full_samples_aio/9cec55d1-1d44-4838-9d7e-3788add91dd4.html,FALSE,TRUE,(uncertain) spacing
SD,e133becd-eaf6-45cb-a0cf-91094c3a72eb,1,"Getting a bus pass in Wartburg, TN, likely involves contacting the East Tennessee Human Resource Agency (ETHRA) or local community/family assistance programs, as there isn't a major city bus system, but rather regional/county services; check FindHelp.org for specific local resources and programs like those for low-income individuals or families that might offer assistance.
Here's how to find bus pass assistance in the Wartburg area:
Contact ETHRA (East Tennessee Human Resource Agency): They offer public transit services in the region and might have programs or information on acquiring passes, especially for those in need.
Action: Visit ETHRA.org or call them.
Check FindHelp.org: This resource lists local programs in Wartburg, TN, that provide bus passes, often through partner organizations for things like doctor's appointments or job-related travel.
Action: Go to www.findhelp.org/transit/bus-passes--wartburg-tn for specific listings.
Look into Family Assistance Programs: The TN Department of Human Services (DHS) offers programs like TANF (Temporary Assistance for Needy Families) that can provide transportation assistance; you can apply via the One DHS Customer Portal.
Action: Visit onedhs.tn.gov to see if you qualify for benefits that include transit help.
Inquire at Local Community Centers/Churches: Organizations like the Vineyard Resource Center or others listed on FindHelp.org might distribute passes to clients, so it's worth asking about their programs.
Key Takeaway: Wartburg doesn't have its own large transit system like a big city, so look for regional (ETHRA) or human services (DHS, local orgs) for bus pass help.",261,3,98,how to get a bus pass in COUNTYSEAT STATE,transportation,objective,open-ended,transportation,47129,TN,Morgan,Wartburg,21987,0.3333333333,0.3333333333,0,0.3333333333,0,0,0,0,0,0,0.3333333333,0,0,0,0,0,0,1.584962501,9.961426217,20,0.1370744578,36.7312605,0,1.915708812,0.01149425287,https://aiolocalexperiment.github.io/aio_pages/full_samples_aio/e133becd-eaf6-45cb-a0cf-91094c3a72eb.html,FALSE,TRUE,spacing
SD,a0606e04-73d6-4384-8f86-36ba6b8d7689,1,"City of Hawkinsville employee salaries vary by role, but general estimates suggest an average around $31/hour ($65k/year), with typical ranges from $28-$36/hour, while some specialized roles, like a Measurement Services Specialist, might earn $75k+, but specific city payroll data isn't public, relying on estimates from job sites.
Salary Snapshot (Estimated):
Average Hourly: ~$31/hour (approx. $65,474/year).
Typical Range: $28 - $36/hour, depending on the job.
Specialized Roles: A Measurement Services Specialist shows a range from $63k to $90k+.
Key Considerations:
Role-Specific: Pay depends heavily on the department and specific job (e.g., administrative vs. public works).
Estimates Only: These figures come from salary aggregator sites (like Salary.com), not official City of Hawkinsville payroll, so they are estimates.
Local Context: ZipRecruiter notes the median wage in Hawkinsville (overall, not just city) is around $37.3k, but city jobs often pay more.
For precise figures for specific city positions, you would generally need to check official city job postings or contact the City of Hawkinsville directly for their published salary scales.",178,3,99,how much do city of COUNTYSEAT STATE employees make,civics,mixed,numeric,civics,13235,GA,Pulaski,Hawkinsville,12010,0,1,0,0,0,0,0,0,0,0,0,0,0,0,0,0,0,0,9.199582715,5,0.1200105042,41.90931818,0,3.93258427,0.02247191011,https://aiolocalexperiment.github.io/aio_pages/full_samples_aio/a0606e04-73d6-4384-8f86-36ba6b8d7689.html,FALSE,TRUE,(uncertain) spacing
SD,0ab00a10-87cc-4abf-ab26-f8eb47efc22a,1,"West Palm Beach, FL, is a diverse city with a mix of affluent, safe neighborhoods and areas with higher crime rates and lower-income housing. It would not be accurate to label the entire city as ""ghetto,"" as the experience varies significantly by location.
The city offers a wide range of lifestyles, from upscale living with high-end dining and cultural amenities to more affordable areas.
Key Considerations for Living in West Palm Beach
Neighborhood Variation: Like many cities, West Palm Beach has pockets that require more caution, particularly some areas west of the railroad tracks. Areas like the Northwest district have a higher concentration of crime. Conversely, neighborhoods such as Flamingo Park, Grandview Heights, and Downtown West Palm Beach are generally considered safe and desirable.
Safety and Crime: The city's overall crime rate is higher than the national average, but it is considered safer than nearly half of other Florida cities. Many locals feel safe in well-traveled areas, especially during the daytime, but advise caution in less populated regions or certain spots at night.
Cost of Living: The city offers options for various budgets. While it's generally less expensive than the exclusive island of Palm Beach across the bridge, the cost of living is still about 15% higher than the national average. There are affordable housing options in certain neighborhoods, though some residents note an issue with increasing gentrification driving up prices in popular areas.
Lifestyle and Amenities: West Palm Beach has a thriving cultural scene, a strong job market (especially in healthcare and tourism), beautiful beaches, and plenty of entertainment options like the Kravis Center for the Performing Arts, Norton Museum of Art, and various festivals.
In summary, West Palm Beach is a multifaceted city. Whether or not it is a good place to live depends on personal preferences, budget, and the specific neighborhood you choose to reside in.",314,12,100,is COUNTYSEAT STATE ghetto to live,culture,subjective,binary,civics,12099,FL,Palm Beach,West Palm Beach,1320134,0.25,0.08333333333,0,0,0,0.08333333333,0.08333333333,0,0.1666666667,0,0,0,0,0.08333333333,0.5,0,0,2.125814584,14.22593203,59,0.3955163728,37.95677184,0,1.27388535,0.01592356688,https://aiolocalexperiment.github.io/aio_pages/full_samples_aio/0ab00a10-87cc-4abf-ab26-f8eb47efc22a.html,FALSE,TRUE,spacing
SD,88513fe9-8838-46a4-b632-b4471edb33fb,1,"No, Angleton, TX, isn't generally considered ""ghetto""; it's described as a family-friendly, affordable Texas town with small-town charm, good schools, and a mix of suburban life close to Houston, though it has some specific crime concerns like higher violent crime rates compared to national averages in certain areas, but many residents find it safe.
Pros of Living in Angleton:
Affordable Housing: Generally lower cost of living and housing prices.
Family-Friendly: Excellent schools, parks, and community events.
Location: Conveniently located between Houston and the Gulf Coast.
Community Feel: Offers a small-town atmosphere with caring neighbors.
Considerations:
Crime Rate: While overall crime might be lower than the national average, it has a higher violent crime rate than the national average, and some areas, like the City Center neighborhood, have higher poverty rates for children, notes NeighborhoodScout.
Suburban Feel: It's a sparse suburban area, so it lacks the big-city amenities of Houston.
Overall:Angleton is seen as a good place for families and those seeking affordability and community, but like any town, it has varying demographics and specific areas with challenges, so a visit or more local research on specific neighborhoods is recommended.",198,11,100,is COUNTYSEAT STATE ghetto to live,culture,subjective,binary,civics,48039,TX,Brazoria,Angleton,313166,0.3636363636,0.3636363636,0,0.09090909091,0,0.1818181818,0,0,0.09090909091,0,0.09090909091,0,0,0.09090909091,0.09090909091,0,0,2.55034071,12.85225924,63,0.3209135189,27.08419643,0,2.525252525,0.0101010101,https://aiolocalexperiment.github.io/aio_pages/full_samples_aio/88513fe9-8838-46a4-b632-b4471edb33fb.html,FALSE,TRUE,bolded formatting
SD,f18c545a-f2ce-44b0-afd7-88c48d4b182a,1,"No, Stanton, TX isn't generally considered ""ghetto""; it's a small, quiet West Texas town known for friendly people, a small-town feel, and a supportive community, though it does have above-average property crime rates, particularly vehicle theft, but residents find it safe and affordable with good schools.
What Residents Say:
Friendly & Safe: Locals describe it as a welcoming, close-knit, peaceful place with a strong sense of community, often noted for its ""old sorehead"" friendly motto.
Good for Families: It's considered family-friendly, with above-average public schools, making it a solid choice for raising kids.
Affordable & Peaceful: Residents find it affordable, quiet, and clean, with easy access to highways and local amenities.
Crime & Safety (Mixed Data):
NeighborhoodScout notes violent crime is about average, but property crime (especially vehicle theft) is higher than national averages, according to their analysis.
Nextdoor Neighbors data suggests a lower overall crime rate and safety, contrasting slightly with NeighborhoodScout's property crime findings.
The Bottom Line:If ""ghetto"" implies high crime, lack of community, or poverty, Stanton doesn't fit; it's a typical small rural town with community pride. While property crime is a concern, residents feel safe and enjoy the peaceful, family-oriented environment.",205,9,100,is COUNTYSEAT STATE ghetto to live,culture,subjective,binary,civics,48311,TX,McMullen,Stanton,707,0,0.4444444444,0,0,0,0,0,0,0,0,0,0,0,0.1111111111,0.4444444444,0,0,1.392147224,6.434546519,,0.1497175141,30.9,0.487804878,1.463414634,0.00487804878,https://aiolocalexperiment.github.io/aio_pages/full_samples_aio/f18c545a-f2ce-44b0-afd7-88c48d4b182a.html,FALSE,TRUE,bolded formatting
SD,2ec83188-5328-4c58-8ba3-9a3a272c5018,1,"Washington, D.C. isn't uniformly ""ghetto,"" but it has significant crime issues, especially violent crime, with certain neighborhoods (like Woodland) struggling with poverty, open drug markets, and high crime, while other areas are safe, affluent, and thriving, making safety highly dependent on the specific neighborhood, though overall rates can be high compared to national averages. The city grapples with deep socioeconomic divides, leading to stark contrasts in living conditions and safety, with high violent crime rates reported in recent years despite some recent drops.
Neighborhood Variations
Challenging Areas: Neighborhoods like Woodland have been described as persistent pockets of crime, experiencing frequent shootings, robberies, and drug activity.
Safer Areas: Other parts of D.C. are considered safe, thriving, and welcoming, offering a high quality of life, especially for those who can afford it.
Crime Statistics & Concerns
High Violent Crime: D.C. has faced criticism for high violent crime rates, including homicides, which have been higher than in some other major cities.
Socioeconomic Factors: Poverty, lack of opportunity, and generational trauma contribute to persistent crime in certain areas, fueling cycles of violence.
Property Crime: The city also sees significant property crime, including thefts and carjackings.
Cost of Living
D.C. is known for being expensive, ranking among costly cities globally, though this varies significantly by neighborhood.
In SummaryCalling all of D.C. ""ghetto"" is inaccurate due to its diverse neighborhoods, but it's true that certain areas experience significant challenges related to poverty and violence, while other, more affluent areas are safe and desirable. Safety and living quality depend heavily on where you choose to live within the District.",268,11,100,is COUNTYSEAT STATE ghetto to live,culture,subjective,binary,civics,11001,DC,District of Columbia [7],Washington,601723,0.5454545455,0,0,0.1818181818,0,0.1818181818,0,0,0,0.09090909091,0.1818181818,0,0,0,0.2727272727,0,0.09090909091,2.481714573,13.41813117,98,0.6356362225,27.78836207,0,1.119402985,0,https://aiolocalexperiment.github.io/aio_pages/full_samples_aio/2ec83188-5328-4c58-8ba3-9a3a272c5018.html,FALSE,TRUE,bolded formatting 
SD,035cef68-99a1-48a2-ba75-3a3abf06103d,1,"Yes, Hamilton, Ohio is located right on the Great Miami River, which flows through the city, with its central business district east of the river, and it's a key part of the larger Miami Conservancy District and the Great Miami Riverway for recreation and history.
River's Path: The Great Miami River flows south through Hamilton before eventually meeting the Ohio River.
City Development: The city grew around Fort Hamilton, built on the riverbanks in 1791, and the river has always been central to its identity and water supply.
Recreation: You'll find riverfront parks, boat docks, and trails, making it a spot for outdoor activities like kayaking and fishing.",111,9,101,does COUNTYSEAT STATE have a river,geography,objective,binary,environment,39017,OH,Butler,Hamilton,368130,0.5555555556,0.1111111111,0,0.3333333333,0,0,0.1111111111,0,0,0,0.1111111111,0,0,0,0,0.1111111111,0.2222222222,2.419381946,12.87367122,87,0.3253044149,36.08,0,0.9009009009,0.009009009009,https://aiolocalexperiment.github.io/aio_pages/full_samples_aio/035cef68-99a1-48a2-ba75-3a3abf06103d.html,FALSE,TRUE,spacing
SD,7a684375-e0b2-4899-925c-02ccae931e9b,1,"Yes, Leesburg, VA is generally considered a strong real estate investment due to its excellent schools, proximity to DC, thriving job market, historic charm, and diverse housing, attracting families and professionals, though it's a competitive and pricier market with recent price dips but strong demand. Investors benefit from rental potential, appreciation, and varied property types, but need to navigate high costs and market fluctuations, notes.
Pros for Investors:
** High Livability:** Ranked highly for quality of life, great schools (Loudoun County), dining, and community amenities.
** Strong Demand:** Attracts families and professionals due to its balance of suburban feel, history, and DC access.
** Rental Market:** Growing population supports a healthy rental market, offering steady income for investors.
** Diverse Housing:** Offers historic homes, modern townhouses, and estates, catering to different investor budgets.
** Economic Growth:** Proximity to DC and Virginia's favorable investment climate boost its stability.
Cons & Considerations:
** High Cost:** It's an expensive area, with higher housing costs than national/state averages.
** Competitive Market:** Homes can sell quickly, though recent data shows longer days on market compared to the previous year.
** Price Fluctuations:** While generally strong, recent median sale prices showed year-over-year decreases (e.g., 9% in Nov 2025), though some areas remain strong.
Investment Strategy:
** Focus on Location:** Downtown offers renovation potential and high rental demand; outskirts provide larger properties.
** Understand Market Dynamics:** Be prepared for a competitive yet rewarding market, leveraging Leesburg's family appeal and D.C. access.
In summary, Leesburg offers solid long-term potential due to its desirable lifestyle, but requires capital and a nuanced understanding of its competitive, high-cost market, as highlighted by Redfin's market data, HouseCashin's analysis, and Zillow's price trends.",283,10,102,is COUNTYSEAT STATE a good real estate investment,economy,subjective,binary,economy,51107,VA,Loudoun,Leesburg,312311,0.7,0.2,0,0,0,0.7,0,0,0,0,0,0,0,0,0.1,0,0,1.156779649,12.96473131,93,0.640137464,23.4789684,0.3533568905,1.060070671,0.007067137809,https://aiolocalexperiment.github.io/aio_pages/full_samples_aio/7a684375-e0b2-4899-925c-02ccae931e9b.html,FALSE,TRUE,bolding markdown
SD,cb49da39-d04a-49f4-b7e8-f43e7592bff4,1,"Yes, Rochester, NY is generally considered a strong real estate investment opportunity due to affordable prices, robust rental demand (especially near universities/hospitals), diversified job growth in tech/healthcare, potential appreciation, and solid cash flow for investors willing to do their due diligence, though it's a competitive seller's market with properties selling fast. Investors are seeing good returns, but need to be strategic due to high demand.
Why Rochester is a good investment:
Affordability & Value: Housing costs are lower than many US cities, offering better entry points for investors.
Strong Rental Market: High demand from university students (U of R, RIT) and medical professionals supports steady rental income.
Economic Diversification: Growth in healthcare, education, and tech sectors (beyond old manufacturing) creates stable job growth, fueling housing demand.
Appreciation Potential: Home values have seen significant increases, with expectations for continued growth.
Cash Flow: Many investors report excellent cash flow, especially with strategic property choices.
Considerations for Investors:
Competitive Market: It's a hot market, often with bidding wars, making quick decisions important.
Market Research is Key: Understanding specific neighborhoods (like near universities or hospitals) is crucial for success.
Tenant Management: Finding good tenants is vital for maximizing returns.
In Summary:
Rochester offers a blend of affordability, strong tenant demand, and economic growth, making it an attractive market, but requires active, informed investing to navigate the competition and secure the best deals.",232,11,102,is COUNTYSEAT STATE a good real estate investment,economy,subjective,binary,economy,36055,NY,Monroe,Rochester,744344,0.3636363636,0.09090909091,0,0,0,0.09090909091,0.1818181818,0,0.09090909091,0.09090909091,0,0,0,0,0.4545454545,0,0,2.222191576,13.53323783,77,0.4117653766,17.06177813,0,0.8620689655,0.01293103448,https://aiolocalexperiment.github.io/aio_pages/full_samples_aio/cb49da39-d04a-49f4-b7e8-f43e7592bff4.html,FALSE,TRUE,spacing
SD,b1c8495a-74fc-4536-8296-392b50f98fca,1,"Henrietta, TX presents a mixed bag for real estate investment: it offers affordability, a strong small-town feel, proximity to amenities in Wichita Falls, and outdoor recreation, but some data suggests potential population decline and mixed market signals, with rapid price jumps but fewer homes selling. While it's a good spot for lifestyle buyers seeking tranquility and community, investors should weigh its slower growth indicators against its appeal as an affordable, accessible small town near larger cities, making it potentially better for long-term holds or specific niches rather than quick, high-growth flips.
Pros for Investors:
Affordable Entry: Home prices are relatively low compared to larger Texas markets, with median sale prices around $208K as of late 2025.
Small-Town Charm: Strong community, good schools (Henrietta ISD), and pride in local traditions attract residents seeking a quiet lifestyle.
Proximity to Wichita Falls: Offers easy access to more jobs, shopping, and entertainment without living in the city.
Outdoor Recreation: Nearby Lake Arrowhead and Clay County provide hunting, fishing, and hiking opportunities.
Cons & Considerations:
Population Trends: Some forecasts suggest a potential population decrease, which can negatively impact real estate demand.
Market Volatility: While prices surged significantly year-over-year in late 2025, the number of homes sold was low, and median days on the market were high, indicating a potentially slow or uneven market.
Investment Score: One platform gives Henrietta a low investment score, citing negative population growth forecasts.
Verdict:Henrietta might be a solid choice for investors targeting long-term appreciation, rental income from residents valuing affordability and lifestyle, or those looking for a quiet retirement/second home, rather than aggressive short-term gains. Its appeal is more about quality of life and stability than rapid market expansion.",289,6,102,is COUNTYSEAT STATE a good real estate investment,economy,subjective,binary,economy,48077,TX,Clay,Henrietta,10752,0.1666666667,0.5,0,0.1666666667,0,0,0,0,0.1666666667,0,0,0,0,0.1666666667,0,0,0,1.79248125,9.249753374,45,0.2385297185,21.72131131,0.3460207612,2.076124567,0.01038062284,https://aiolocalexperiment.github.io/aio_pages/full_samples_aio/b1c8495a-74fc-4536-8296-392b50f98fca.html,FALSE,TRUE,bolded formatting and spacing
SD,0c3f5dfc-1d8e-46f9-a89d-2f18aab4804b,1,"There is no real estate transfer tax in Auburn, Indiana, or anywhere else in the state of Indiana.
Indiana is one of the few states that does not impose a state, county, or city-level tax on the transfer of real property title (also known as a documentary stamp tax or recordation tax).
While you will not pay a transfer tax, other costs and taxes are involved in real estate transactions, such as:
Property Taxes: These are collected by the county and local municipalities. New property owners should contact the DeKalb County Treasurer's Office to ensure tax bills are sent to the correct address after a sale.
Capital Gains Tax: Any profit from the sale of a property may be subject to federal and state capital gains taxes. Indiana has a flat state capital gains tax rate of 3.05%.
Closing Costs: Other transaction fees, such as title insurance (typically paid by the seller in Indiana) and settlement fees, are part of the closing process.",166,8,104,what is the transfer tax in COUNTYSEAT STATE,economy,objective,numeric,economy,18033,IN,DeKalb,Auburn,42223,0.375,0.5,0,0.5,0,0,0,0,0,0,0,0,0,0,0,0,0,1,10.68244539,76,0.2014079264,49.81226994,1.204819277,1.204819277,-0.02409638554,https://aiolocalexperiment.github.io/aio_pages/full_samples_aio/0c3f5dfc-1d8e-46f9-a89d-2f18aab4804b.html,FALSE,TRUE,spacing
SD,5e83eae5-b901-47ac-ab1b-d26a2581dd73,1,"The real estate transfer tax in Mason, MI, which is located in Ingham County, is a combined $4.30 for every $500 of the property's value. This total is comprised of both a state and a county tax.
Breakdown of the Tax Rate
The transfer tax is calculated in increments of $500 (or any portion thereof) of the total value of the real estate transferred.
State Transfer Tax: The rate is $3.75 per $500 increment of the property's value.
County Transfer Tax: For counties with a population under 2 million, like Ingham County, the rate is $0.55 per $500 increment.
The tax is typically the responsibility of the seller (grantor), and any exemptions must be explicitly stated on the face of the deed or instrument at the time of recording.
Example Calculation
For a home sold at $200,000, the total transfer tax would be calculated as follows:
Determine the number of $500 increments:$200,000 / $500 = 400 increments
Calculate the State Tax:400 increments * $3.75/increment = $1,500
Calculate the County Tax:400 increments * $0.55/increment = $220
Total Transfer Tax:$1,500 + $220 = $1,720
For more information or to use a calculator, you can check resources like the Michigan Transfer Tax Calculator provided by HomeLight or the local Ingham County Register of Deeds office website.",223,10,104,what is the transfer tax in COUNTYSEAT STATE,economy,objective,numeric,economy,26065,MI,Ingham,Mason,280895,0.6,0.3,0.2,0.3,0,0.2,0,0,0,0,0,0,0,0,0,0,0,1.970950594,12.54971554,90,0.4125294427,53.31005081,0,0.4484304933,0,https://aiolocalexperiment.github.io/aio_pages/full_samples_aio/5e83eae5-b901-47ac-ab1b-d26a2581dd73.html,FALSE,TRUE,missing bullets
SD,eaabf834-a20d-4415-93a8-55c4995778e7,1,"To get a death certificate in New City, NY (Rockland County), you'll order from the NYS Department of Health in Albany, not NYC Health, via online (VitalChek for speed), mail, or in-person at the County Clerk's office, requiring an application, proof of relationship, and fees, with the fastest method being online through their authorized vendor, VitalChek, or by visiting the County Clerk for local processing.
Here's a breakdown of how to order:
1. Determine Where the Death Occurred
Died in NYC (5 Boroughs): Contact NYC Health Department (VitalChek is fastest).
Died in New York State (Outside NYC, like Rockland County): Contact the NYS Department of Health in Albany.
2. For Deaths in Rockland County (New City Area)
Online (Fastest): Use VitalChek (the only authorized vendor for NYS) for quicker service.
By Mail: Download the application from the NYS Department of Health website, fill it out, and mail it with payment (check/money order) to the Albany address.
In Person: Contact the Rockland County Clerk's Office for local processing options and requirements in New City.
3. Required Information & Fees
Application: Completed form with details about the deceased and your relationship.
Proof of Relationship: You must be an ""entitled party"" (spouse, parent, child, etc.) and provide ID/documents like a driver's license, passport, or utility bill to prove it.
Fees: Expect around $15-$30 per copy, plus processing fees for online/expedited orders.
Key Tip: The funeral director usually orders several certified copies for families; if you need more, the NYS Department of Health website is your primary resource for mail/online orders outside NYC.",269,11,105,how to get a death certificate in COUNTYSEAT STATE,civics,objective,open-ended,civics,36087,NY,Rockland,New City,311687,0.7272727273,0.09090909091,0,0.8181818182,0,0,0,0,0.09090909091,0,0,0,0,0,0,0,0,0.8658566175,12.73356658,29,0.4211961993,44.66831395,0,0.7434944238,0.007434944238,https://aiolocalexperiment.github.io/aio_pages/full_samples_aio/eaabf834-a20d-4415-93a8-55c4995778e7.html,FALSE,TRUE,"spacing, bullets"
SD,3b0a5176-a8f7-4d6b-a54b-40e6415c214e,1,"Near Brownsville, TX, you'll find beaches like South Padre Island and Boca Chica, nature spots such as Sabal Palm Sanctuary, Resaca de la Palma, and Laguna Atascosa Wildlife Refuge, historical sites like Palo Alto Battlefield, and even the burgeoning SpaceX Starbase, with cultural connections to Matamoros, Mexico, just across the Rio Grande.
Beaches & Coast
South Padre Island: A popular resort island with water parks, restaurants, and water sports.
Boca Chica Beach: A quieter, more natural Gulf beach known for its unspoiled shoreline, birding, and SpaceX rocket launches.
Nature & Wildlife
Sabal Palm Sanctuary: A rare native palm forest with walking trails for wildlife viewing.
Resaca de la Palma State Park: A prime birdwatching spot.
Laguna Atascosa National Wildlife Refuge: Home to rare species like the ocelot.
History & Culture
Palo Alto Battlefield National Historical Park: Site of the first battle of the Mexican-American War.
Matamoros, Mexico: A short trip across the border for different cultural experiences and food.
Mitte Cultural District: Includes the Gladys Porter Zoo and Dean Porter Park.
Modern Attractions
SpaceX Starbase: Witness rocket launches and development near Boca Chica.
Nearby Towns
Port Isabel: Offers historic sites like the Port Isabel Lighthouse.
Harlingen: A short drive away, with its own nature parks and museums.",206,4,106,what is near COUNTYSEAT STATE,geography,mixed,open-ended,environment,48061,TX,Cameron,Brownsville,406220,0.25,0,0,0,0,0,0,0,0,0,0,0,0,0.5,0,0.5,0,1,12.95558126,2,0.2055811391,41.53,0,0,0.004854368932,https://aiolocalexperiment.github.io/aio_pages/full_samples_aio/3b0a5176-a8f7-4d6b-a54b-40e6415c214e.html,FALSE,TRUE,spacing
SD,83e1c323-4b24-4371-8b5b-0cd5a6b76065,1,"In Hillsboro, MO (which is in Jefferson County), a new Concealed Carry Permit (CCP) costs $100 for the application fee, paid to the Jefferson County Sheriff's Office (JCSD), plus the cost of an approved firearms safety course (which varies) and fingerprinting fees for background checks. Missouri is a permitless carry state, but permits are useful for reciprocity in other states, with renewals costing around $50, depending on the county.
Key Costs Breakdown:
Application Fee (to JCSD): $100 (non-refundable) for a new permit.
** Firearms Training:** Cost varies by instructor but must meet state requirements (around 8 hours, including live fire).
** Fingerprinting:** Fee for background checks, done at the Sheriff's Office.
Renewal: Around $50 for a standard 5-year renewal in nearby counties like Christian County, often with a small processing fee for card payments.
Steps to Get Your Permit:
Get Training: Complete a Missouri-approved firearms safety course.
Apply at Sheriff's Office: Visit the Jefferson County Sheriff's Office (where Hillsboro is located) in person.
Submit Documents: Bring your training certificate, valid Missouri ID, and application.
Pay Fees: Pay the $100 application fee and fingerprinting fees.",189,8,107,how much is a gun permit in COUNTYSEAT STATE,economy,objective,numeric,economy,29099,MO,Jefferson,Hillsboro,218733,0.5,0,0,0.5,0,0.125,0,0,0.25,0,0.125,0,0,0,0,0,0,1.75,12.33809603,75,0.2361540589,44.2630989,0,2.116402116,-0.005291005291,https://aiolocalexperiment.github.io/aio_pages/full_samples_aio/83e1c323-4b24-4371-8b5b-0cd5a6b76065.html,FALSE,TRUE,** instead of bolding in bullets
SD,baebea6f-2ca8-4aa3-9cee-5783a9abd75a,1,"While there aren't many strictly free museums directly in Kennett, MO, the Dunklin County Museum (in Kennett's old City Hall) offers free entry during limited Wednesday afternoons and for tours, and nearby Malden has the interactive Bootheel Youth Museum, while other regional options like the Stars and Stripes Museum or Hemingway-Pfeiffer Center have small fees but are worth the short drive for local history and culture.
In/Near Kennett:
Nearby Regional Options (May Have Fees/Donations):
Malden Historical Museum (Malden, MO): Another local history spot near Kennett.
Stars and Stripes Museum & Library (Bloomfield, MO): Focuses on the WWII era, a short drive north.
Hemingway-Pfeiffer Museum (Piggott, AR): Just across the state line, offers literary history for a small fee.
For Free Museum Days (Statewide):
Check out programs like Museums for All, where presenting an EBT card can get you free or reduced admission to many participating museums across the U.S., or look for specific free days in St. Louis area museums (like the St. Louis Art Museum) if you plan a longer trip.",178,5,108,what museums are free in COUNTYSEAT STATE,civics,objective,open-ended,civics,29069,MO,Dunklin,Kennett,31953,0.6,0.4,0,0,0,0,0,0,0,0,0.4,0,0,0,0,0.2,0,1.521928095,10.23261143,27,0.1263760218,42.16042763,0,0.5617977528,0.02247191011,https://aiolocalexperiment.github.io/aio_pages/full_samples_aio/baebea6f-2ca8-4aa3-9cee-5783a9abd75a.html,FALSE,TRUE,seems to be missing a section
SD,20f4d4e6-373b-4e99-a2e7-82c3bbc0d502,1,"To become a teacher in Columbia, NC (Tyrrell County), you need a bachelor's degree, a state-approved Educator Preparation Program (EPP), pass required exams, undergo a background check, and apply for a NC Educator License through the NC DPI. You can apply to Tyrrell County Schools (TCS) after getting your license, potentially through traditional routes or residency/lateral entry if you have a degree but not an EPP, and then find job openings on schooljobs.dpi.state.nc.us.
General Requirements for NC Teacher Licensure
Bachelor's Degree: A degree in the subject you want to teach is required, ideally from a regionally accredited university.
EPP Completion: Finish a state-approved teacher preparation program (EPP).
Exams: Pass required state tests (e.g., Praxis) for your subject/grade.
Background Check: Pass a criminal background check.
Apply Online: Submit your application and documents (transcripts, test scores, verification forms) via the NCDPI Online License System.
Routes to Licensure
Traditional: Bachelor's degree + EPP + exams.
Residency License (Alternative): For those with a bachelor's (min 2.7 GPA) and job offer in NC, allowing you to teach while completing an EPP.
Lateral Entry: Similar to Residency, often for those with degrees in other fields but meeting credit hour requirements in a subject area.
Finding a Job in Columbia, NC (Tyrrell County)
Get Licensed: Earn your NC teaching license first.
Apply to TCS: Complete an application on schooljobs.dpi.state.nc.us.
Interview: If your application is selected, you'll be interviewed.
Approval: Get approved by the Tyrrell County Board of Education.
Resources
NC DPI Licensure Page
TeachNC
Tyrrell County Schools Personnel Page",269,12,109,how to become a teacher in COUNTYSEAT STATE,education,objective,open-ended,education,37177,NC,Tyrrell,Columbia,4407,0.3333333333,0.3333333333,0.25,0.1666666667,0,0,0,0,0.1666666667,0,0,0,0,0,0.08333333333,0,0,2.188721876,8.124446856,18,0.1472536034,36.92132941,0,0.3717472119,0.007434944238,https://aiolocalexperiment.github.io/aio_pages/full_samples_aio/20f4d4e6-373b-4e99-a2e7-82c3bbc0d502.html,FALSE,TRUE,spacing
SD,d5db6ce3-f536-42ca-91f2-21a670ea56d6,1,"To become a teacher in Houghton, MI, you must earn a bachelor’s degree, complete a state-approved teacher preparation program (including student teaching), pass the Michigan Test for Teacher Certification (MTTC), and apply for certification via the Michigan Online Educator Certification System (MOECS). Requirements also include CPR/First Aid certification and specific reading coursework.
Steps to Certification in Michigan
Education: Obtain a bachelor's degree from a regionally accredited institution.
Preparation Program: Complete a Michigan Department of Education (MDE) approved program, which includes student teaching.
Testing: Pass the relevant MTTC subject area tests.
Certification: Apply for the Standard Certificate through MOECS.
Background Check: Pass a criminal background check.
Local Options & Alternative Certification
Local Institutions: Michigan Technological University in Houghton offers teacher education programs.
Alternative Routes: Individuals with a bachelor's degree (2.95+ GPA) can use alternative programs like Michigan Teachers of Tomorrow.
Apprenticeships: Programs like Talent Together allow candidates to work as apprentices while earning certification.
Substitute TeachingTo substitute teach in Houghton, you need at least 60 semester hours of college credit or an associate degree.",178,10,109,how to become a teacher in COUNTYSEAT STATE,education,objective,open-ended,education,26061,MI,Houghton,Houghton,36628,0.6,0,0.2,0.1,0,0.2,0,0,0.3,0,0.1,0,0,0,0.1,0,0,2.446439345,10.53017437,71,0.3659758283,12.7575969,0,0,-0.01685393258,https://aiolocalexperiment.github.io/aio_pages/full_samples_aio/d5db6ce3-f536-42ca-91f2-21a670ea56d6.html,FALSE,TRUE,Bolded Text Formatting
SD,655a05a6-46bc-4f9a-92fb-5f1c4198986b,1,"To become a 911 Dispatcher in Dalton, GA, you need a High School Diploma/GED, must be 18+, pass written/typing tests, a polygraph, background check, and oral interview with the City of Dalton or Whitfield County. Key steps involve applying, testing via Daltonga.gov or Whitfield County, getting hired, and then completing mandatory Georgia POST certification training (40-hour Basic Communications Course) within six months of employment.
Key Requirements & Steps
Meet Basic Qualifications: Be 18+, have a High School Diploma/GED, a valid driver's license, and a clean criminal/credit/driving history.
Apply: Look for openings on the City of Dalton or Whitfield County official websites (often via governmentjobs.com) and submit an application.
Pass Required Testing:
Written Test: Grammar, reading comprehension, vocabulary.
Typing Test: Speed and accuracy.
Polygraph: A thorough ""lie detector"" test.
Oral Board Interview: Structured Q&A to assess communication and decision-making.
Undergo Background Investigation: Includes criminal, credit, and driving history checks.
Get Hired: Receive a conditional, then final job offer from the City or County.
Complete POST Training: Once employed, attend the Georgia Peace Officer Standards and Training (POST) Basic Communications Officer Course (40 hours) within your first 6 months for certification.
Essential Skills & Qualities
Excellent communication (verbal/written).
Strong multitasking and computer skills.
Ability to remain calm under pressure.
Good judgment and decision-making.
Where to Find Openings
City of Dalton: daltonga.gov/police/page/becoming-non-sworn-employee
Whitfield County: whitfieldcountyga.com/government/public_safety/e911/careers_in_911.php (check governmentjobs.com)",249,12,110,how to become a 911 dispatcher in COUNTYSEAT STATE,civics,objective,open-ended,civics,13313,GA,Whitfield,Dalton,102599,0.25,0.1666666667,0,0.6666666667,0,0,0,0,0,0,0,0,0,0.08333333333,0.08333333333,0,0,1.418295834,11.54362924,11,0.1934722243,23.31985135,0,0.4016064257,0.01606425703,https://aiolocalexperiment.github.io/aio_pages/full_samples_aio/655a05a6-46bc-4f9a-92fb-5f1c4198986b.html,FALSE,TRUE,seems like there is a image being processed as text
SD,5e2c8171-f2a0-4baa-ba42-336e730443ff,1,"Yes, Bardstown, KY has excellent food, offering a great mix of historic Southern comfort, modern cuisine, and innovative dishes, often paired with its famous bourbon, from distillery dining at places like The Kitchen & Bar at Bardstown Bourbon Company and The Bar at Willett to classic Southern fare at the Old Talbott Tavern and contemporary spots like Toogie's Table.
Highlights of Bardstown's Food Scene:
Bourbon-Centric Dining: Many top restaurants are at distilleries or focus on bourbon-infused dishes, like The Kitchen & Bar at Bardstown Bourbon Company, Five Brothers Bar & Kitchen at Heaven Hill, and The Bar at Willett, offering elevated experiences.
Historic & Southern Comfort: The Old Talbott Tavern, one of the oldest taverns in the U.S., serves hearty Kentucky classics, while Kurtz Restaurant offers skillet-fried chicken and bourbon-sauced bread pudding.
Modern & Casual Options: Find gastropubs like Scout & Scholar Brewing Co., fresh Italian at Cafe Primo, or delicious burgers at Bardstown Burger.
Unique Experiences: Don't miss My Old Kentucky Dinner Train for a meal on the rails or explore the upscale ambiance at The Trail Hotel's Oak & Ember.
From elegant dinners to casual pub grub, Bardstown's food scene is diverse, delicious, and deeply connected to its bourbon heritage, making it a great destination for food lovers.",213,11,112,does COUNTYSEAT STATE have good food,culture,subjective,binary,civics,21179,KY,Nelson,Bardstown,43437,0.6363636364,0,0,0,0,0.5454545455,0.09090909091,0,0,0,0,0,0,0.09090909091,0.1818181818,0.09090909091,0,1.867633891,10.76007074,39,0.2283209335,35.6340548,0,0.4694835681,0.01877934272,https://aiolocalexperiment.github.io/aio_pages/full_samples_aio/5e2c8171-f2a0-4baa-ba42-336e730443ff.html,FALSE,TRUE,(uncertain) spacing
SD,3f052cb0-d869-4475-940a-6c8f88c04ddb,1,"To become a General Contractor in Ogden, UT, you need 2 years (4,000 hours) of experience, complete a 30-hour pre-license course (like through UHBA/AGC), pass the Utah Business & Law exam, get insurance ($1M/$4M liability), secure a surety bond (if needed), register your business, and apply with the Utah Division of Professional Licensing (DOPL), ensuring Ogden City-specific requirements (like bonds for right-of-way work) are met.
1. Meet Experience Requirements:
Paid Construction Experience: 2 years (4,000 hours) of verifiable, paid construction experience.
Education/Other: A 2 or 4-year Construction Management degree, a Utah Professional Engineer license, or passing the NASCLA exam can substitute.
2. Complete Pre-License Education:
Take a mandatory 30-hour pre-license course from approved providers like the Associated General Contractors (AGC) or Utah Home Builders Association (UHBA).
3. Pass the Exam:
Pass the Utah Business & Law exam for general contractors.
4. Get Insurance & Bonding:
Insurance: Obtain General Liability Insurance with at least $100k per incident and $300k aggregate (DOPL listed as certificate holder).
Bond: A License & Permit Bond ($25k for deep excavation) is required for working in the Ogden City Right-of-Way.
5. Register Your Business:
Register your business entity (LLC, Corp, etc.) with the Utah Division of Corporations.
Get a Federal EIN if not a sole proprietor.
6. Apply with DOPL:
Submit your application, proof of experience, education, insurance, and fees to the Utah Division of Professional Licensing (DOPL).
7. Ogden City Specifics (for work in Right-of-Way):
Verify your State license with DOPL.
Meet Ogden City's higher insurance (e.g., $1M/$4M liability) and bonding requirements.",273,11,114,how to become a general contractor in COUNTYSEAT STATE,civics,objective,open-ended,civics,49057,UT,Weber,Ogden,231236,0.4545454545,0,0,0.1818181818,0,0.1818181818,0,0,0.3636363636,0,0.09090909091,0,0,0,0.1818181818,0,0,2.186704346,12.49193932,47,0.2804944026,29.43642857,0,0,-0.007326007326,https://aiolocalexperiment.github.io/aio_pages/full_samples_aio/3f052cb0-d869-4475-940a-6c8f88c04ddb.html,FALSE,TRUE,"spacing, bullets missing?"
SD,60a2c963-5051-4814-b4fa-28f873b56d0d,1,"To become a General Contractor in Rockland, ME, you need to register your business locally with the City of Rockland, get an EIN, and meet State of Maine requirements for any specialized trades (like Master Electrician/Plumber), but Maine doesn't have a statewide general contractor license, requiring local registration and proving competency (like a Home Improvement Contractor (HIC) registration or proper insurance/bonding) for specific work, especially over $3,000. Focus on registering your business, getting local permits, understanding trade-specific licenses (if needed for electrical/plumbing), and having proof of insurance/workers' comp.
1. Local Business & Registration
Register Your Business: File as a Sole Proprietor or Partnership with the City of Rockland.
Get an EIN: Obtain an Employer Identification Number from the IRS.
Local Permits: Apply for necessary permits, like Construction Permits via Rockland's Code Enforcement.
2. State Requirements (If Applicable)
No General GC License: Maine doesn't have a single ""General Contractor"" license, but requires specific licenses for trades like Master Electrician or Plumber, or registration for Home Improvement Contractors (HIC).
Trade Licenses: If you're doing electrical/plumbing work, you need a Master license (or hire someone who does) through the Maine Dept. of Professional & Financial Regulation.
HIC Registration: For home improvement over $3,000, you may need Home Improvement Contractor registration, involving experience, exams (including building codes), and proof of financial responsibility.
3. Business Essentials
Insurance: Get general liability and workers' compensation insurance (required if you have employees).
Contracts: Use legally sound home improvement contracts for jobs over $3,000.
4. Build Experience/Credentials
Apprenticeships: Consider Maine Apprenticeship programs for structured learning.
Experience: Document your four years of relevant construction experience for HIC or trade licenses.
Key Takeaway
Start by registering your business with Rockland and Maine, get your insurance, and then focus on obtaining any specific trade licenses or HIC registration required for the work you plan to do, as Maine relies more on local registration and trade-specific credentials than one big GC license.",332,12,114,how to become a general contractor in COUNTYSEAT STATE,civics,objective,open-ended,civics,23013,ME,Knox,Rockland,39736,0.5833333333,0,0,0.4166666667,0,0.08333333333,0,0,0.3333333333,0,0.08333333333,0,0,0,0.08333333333,0,0,1.950825795,10.61790687,99,0.3910289062,21.59130126,0,0.3012048193,-0.006024096386,https://aiolocalexperiment.github.io/aio_pages/full_samples_aio/60a2c963-5051-4814-b4fa-28f873b56d0d.html,FALSE,TRUE,spacing
SD,df4e55eb-562a-4542-95ae-f46ac943c8e8,1,"To become a General Contractor in Philly, you need a City of Philadelphia Contractor License via the eCLIPSE portal, requiring proof of PA Home Improvement Registration, OSHA safety training (30-hr for supervisors), and specific insurance (Gen Liab $500k, Auto $300k, Workers Comp). You must also be current on City taxes, have a BIRT ID, and agree to the Contractor Code of Conduct, with renewals needed annually.
1. Get Your PA Home Improvement Registration (HIC)
Register with the PA Attorney General if you do over $5,000 in home improvement work.
Requires business details, insurance, and a fee.
2. Obtain City of Philadelphia Contractor License
Apply Online: Use the City of Philadelphia eCLIPSE system.
BIRT ID: Get a Business Income & Receipts Tax ID.
Insurance: Provide proof of:
General Liability: $500,000 per occurrence.
Automobile Liability: $300,000.
Workers' Comp: $100k/$100k/$500k (if you have employees).
Safety Training: Complete an OSHA 30-hour course (supervisors) and upload the certificate.
Tax Compliance: Be current on all Philly taxes.
Contractor Code of Conduct: Agree to follow it.
Fee: Pay the license fee (around $126).
3. Key Requirements & Tips
No State GC License (Generally): PA doesn't license general contractors statewide, but HIC registration and city licensing are crucial.
Subcontractors: You'll need to list them.
Renewal: Annually via eCLIPSE, requiring updated insurance, tax compliance, and training proof.
In Summary: Focus on registering with the state's HIC program, getting your city license through eCLIPSE with the required insurance and training, and staying on top of your taxes and renewals.",257,10,114,how to become a general contractor in COUNTYSEAT STATE,civics,objective,open-ended,civics,42101,PA,Philadelphia,Philadelphia,1526006,0.5,0,0,0.5,0,0,0,0,0.4,0,0,0,0,0,0.1,0,0,1.360964047,14.27447346,34,0.3463927807,39.67064301,0,0.7782101167,0.01167315175,https://aiolocalexperiment.github.io/aio_pages/full_samples_aio/df4e55eb-562a-4542-95ae-f46ac943c8e8.html,FALSE,TRUE,spacing and bullets